Primary school completion (% of girls),1970,1971,1972,1973,1974,1975,1976,1977,1978,1979,1980,1981,1982,1983,1984,1985,1986,1987,1988,1989,1990,1991,1992,1993,1994,1995,1996,1997,1998,1999,2000,2001,2002,2003,2004,2005,2006,2007,2008,2009,2010,2011
Abkhazia,,,,,,,,,,,,,,,,,,,,,,,,,,,,,,,,,,,,,,,,,,
Afghanistan,,,,,4.19285,,,5.14529,5.91965,,8.72819,12.38975,7.5399,,10.37689,10.51868,,,,,,,,13.5525,,,,,,,,,,,,18.74188,,,,,,
Akrotiri and Dhekelia,,,,,,,,,,,,,,,,,,,,,,,,,,,,,,,,,,,,,,,,,,
Albania,,,,,,,,,,,,,,,,,,,,,,,,,,,94.18927,,,103.19619,102.26713,103.25462,,100.27718,97.70814,,,,90.41091,89.7601,86.01452,89.53901
Algeria,,,30.90031,33.02938,34.32702,39.7942,45.24156,48.22515,50.49138,51.07383,52.10572,55.0174,59.0781,61.84179,65.58597,77.1745,65.21181,68.3323,69.9132,73.15405,72.54374,73.08401,75.49738,74.73254,73.94814,75.87622,79.88931,82.44316,,83.46064,82.235,88.52598,90.09179,91.27633,93.30839,94.21432,,97.35583,109.72854,95.13346,95.87439,94.20928
American Samoa,,,,,,,,,,,,,,,,,,,,,,,,,,,,,,,,,,,,,,,,,,
Andorra,,,,,,,,,,,,,,,,,,,,,,,,,,,,,,,,,97.7707,103.68098,103.44828,,,,,,,66.51163
Angola,,,,,,,,,,,,,,,,,,,,,,,,,,,,,,,,,,,,,,,40.83506,40.51818,40.0373,
Anguilla,,,,,,,,,,,,,,,,,,,,,,,,,,,,,,,,,,,,,,,,,,
Antigua and Barbuda,,,,,,85.43689,81.95938,,,,,,,,,,,,,,,,92.96029,,,,,,,,,,,,,,,,99.5104,92.77846,98.27798,92.43176
Argentina,74.02333,74.70327,,,,82.1907,81.85775,,,,,,,,,,,,,,,,,,,,95.41159,94.50475,102.4191,100.69154,100.81862,100.53656,105.45851,103.55583,102.02064,99.92796,102.10666,104.62379,108.03703,107.51852,,
Armenia,,,,,,,,,,,,,,,,,,,,,,,,,,,,,,,,,93.67021,89.40265,98.84344,92.92974,94.58897,103.02998,,,,85.0512
Aruba,,,,,,,,,,,,,,,,,,,,,,,,,,,,,,102.82132,97.71689,100.58565,100.14065,88.37838,88.32685,88.06533,90.94293,95.14321,93.85965,89.36709,93.42784,
Australia,,,,,,,,,,,,,,,,,,,,,,,,,,,,,,,,,,,,,,,,,,
Austria,,96.69577,98.26127,98.18995,,,,,,,,,,,,,,,,,,,,,,,,,100.39762,100.79908,,,99.79545,100.69954,98.5312,99.07022,101.12819,103.69019,100.65695,99.58381,98.22294,
Azerbaijan,,,,,,,,,,,,,,,,,,,,,,,,94.72717,89.22605,,85.46427,97.29742,94.69745,91.77046,85.49743,93.9815,100.99123,90.24809,94.8575,89.6128,90.66259,98.49185,89.7156,91.42844,88.97885,92.18356
Bahamas,,,,,,,,,,,,,,,,,,,,,,,,,,,,,,84.18605,,,,,,102.56917,96.84352,100.88828,102.19512,103.93419,98.5518,
Bahrain,,,,,,,,,,,,,82.60365,84.9154,89.63788,90.20979,90.2131,94.69579,100.94028,108.59047,,106.02968,101.8359,99.71647,97.27104,97.56767,94.78178,,95.48086,96.28092,94.35146,95.45998,102.6738,104.69314,109.96477,107.04923,,,,,,
Bangladesh,,,,,,,28.59714,,,,,22.11509,,,,,,,,,,,,,,,,,,,,,,,,,,,,,,
Barbados,,,,,,,,,,,,,,,,,,,,,,,,,,,,,,95.79221,100.47071,111.13434,108.54612,111.33645,98.64724,95.59518,93.54322,95.43974,99.50166,103.0647,107.30701,114.29455
Belarus,,,,,,,,,,,,,,,,,,,,,,,,95.14937,95.74259,92.77302,93.04157,92.24453,,95.9127,99.47791,103.22604,128.11797,100.19917,97.93595,93.40978,92.8244,92.11484,95.07918,,,103.19754
Belgium,,,,,70.19695,71.29621,71.86694,74.20761,74.23494,68.72771,68.98903,74.87858,78.77043,72.71746,75.70846,73.47185,71.95775,71.25369,73.09399,,,80.52867,,,,,,,,,,,,,,,90.7742,91.54804,91.54501,91.97567,92.6676,
Belize,,,,,,,,,,,,,,,,,,,,,,,90.49415,,,85.19648,90.48739,,,91.25242,90.25,94.1194,90.26067,90.03313,88.14557,89.02023,89.21952,95.98029,91.8884,98.99173,98.14718,107.22635
Benin,,10.11446,12.07326,12.41432,11.46985,13.2341,14.48398,13.71668,15.67764,17.23248,19.79996,18.40978,21.5593,20.3135,18.30508,20.25343,18.53032,17.8855,16.93322,16.90064,11.62152,13.92793,13.88773,15.27525,16.77164,20.10405,21.01049,22.81302,24.81714,,26.87792,29.95627,31.59365,36.16296,41.51869,,,,55.04036,53.25543,,66.30847
Bermuda,,,,,,74.95652,,,,,,,,,,,,,,,,,,,,,,,,,,94.73684,104.63415,102.72953,,,,,,,100,83.6272
Bhutan,,,,,,,,,4.36428,4.96027,,,,,,,,,,,,,,20.02756,24.85335,,,,41.75747,46.27187,47.75046,48.38088,,,,64.47167,72.78407,,85.86301,90.75512,100.82394,98.08917
Bolivia,,,,,,,,,,,,,,,,,,,,,64.36921,,,,,,,,,93.60338,95.63232,95.40249,98.49751,98.35592,98.59702,,100.6494,98.22902,98.81581,94.2035,95.22421,
Bosnia and Herzegovina,,,,,,,,,,,,,,,,,,,,,,,,,,,,,,,,,,,,,,,,,70.68161,76.19928
Botswana,38.17305,44.47662,51.51832,,,,,,,76.94856,,90.83467,93.76456,84.70314,84.49438,91.17462,100.37805,102.09763,97.54662,96.28661,97.41906,97.33114,97.1303,95.66709,100.8795,95.57129,96.5119,,94.3234,92.27984,91.51186,94.4512,95.16267,95.57869,95.6872,97.47601,100.60235,96.12179,97.15258,97.84961,,
Brazil,,82.51947,64.35399,66.92624,69.75667,,,,,,,,,,,,,,,,,,,,,,,,,,,,,,,,,,,,,
British Virgin Islands,,,,,,,,,,,,,,,,,,,,,,,,,,,,,,,,,,,,,,,,,,
Brunei,,,112.07108,109.28613,115.90402,98.16972,114.73389,112.27578,120.7187,114.68144,99.05263,100.38986,81.85962,88.26552,54.27299,,128.93519,,,,,,,,,,,114.34629,117.52297,117.86421,116.50959,119.27284,117.35934,120.70064,117.15561,118.78417,118.06096,119.28105,118.79128,115.95214,117.61607,119.53876
Bulgaria,,,,,,,,,,,,,,,,,101.68305,103.2084,103.82864,102.99898,99.80437,91.64884,87.64117,86.28012,88.7341,88.15555,90.77313,94.64992,93.87527,95.63402,96.73168,101.88088,96.98831,97.8061,99.20977,99.30698,98.09996,97.84627,89.66705,95.67931,106.40971,
Burkina Faso,,4.5972,4.43857,4.72961,4.79954,5.28316,5.16219,5.99021,5.96154,6.41352,6.26301,6.77345,6.96492,7.57589,8.73594,9.30546,,10.65242,11.40992,11.18219,13.07477,13.90971,20.03913,18.06732,19.10006,14.30272,16.93109,,,18.00004,19.53123,20.21363,21.39872,23.29128,24.61862,25.87041,27.23575,29.07386,32.64238,38.57657,42.28228,
Burundi,,2.89839,,6.51733,7.2465,7.91337,7.70342,7.68838,7.89601,8.15198,8.2338,8.26807,9.95191,13.48962,18.37863,18.71222,20.02979,19.72363,28.58141,26.11944,33.43026,42.55992,43.02853,46.70702,,,,,,22.22288,23.9331,24.00288,24.15022,27.26483,27.87519,32.13733,,38.41644,41.8665,50.66352,54.89456,62.19
Cambodia,,,,,,,,,,,,,,,,,,,,,,,,,,30.36757,,11.79077,25.70989,35.34627,,45.96171,54.25685,61.02991,72.72984,84.71234,89.3853,90.70509,86.01757,84.04106,86.91805,89.70219
Cameroon,,,,36.76785,36.81496,38.81149,40.59433,42.09723,51.44375,43.77678,43.15915,43.54707,43.13222,43.69527,45.28145,46.76505,47.1789,48.83231,47.76932,,52.40421,49.45237,,,,,,,,45.28612,47.44016,,50.90816,53.56509,54.75312,48.57973,48.57237,51.7478,68.44038,69.14923,72.39278,72.14815
Canada,,,,,,,,,,,,,,,,,,,,,,,,,,,,,94.94321,96.47142,97.73928,,,,,,95.51185,,,,,
Cape Verde,,,,,12.12191,13.81279,,15.64626,13.73626,15.12059,15.12367,25.35885,24.19038,19.77177,30.09005,30.54784,35.57473,39.53078,44.83358,,56.20837,,,,71.82805,,,,103.14454,110.83951,108.4623,101.58083,102.9484,105.64052,101.9002,89.55422,102.34506,95.45072,101.45349,94.85474,97.66103,96.04655
Cayman Islands,,,,,,,,,,,,,,,,,,,,,,,,,,,,,,114.35644,,,,,,,,,,,,
Central African Republic,,10.96178,12.85528,15.3333,14.34175,16.9485,18.48824,,19.2554,,,18.3013,17.82369,15.57346,,,26.6298,19.41739,20.44382,19.03398,18.78812,19.41502,15.28623,,,,,,,,,,,,17.72995,19.84477,20.63435,24.6121,26.75599,29.46358,30.09791,32.8425
Chad,,,,,,,4.92558,4.58269,,,,,,,,,,,3.87471,4.74296,6.2798,7.03102,,,8.3214,6.5662,7.18908,7.77215,,11.50231,13.06903,14.9823,17.31269,21.47193,24.1496,21.87001,22.11208,,,25.16386,25.82881,29.24102
Channel Islands,,,,,,,,,,,,,,,,,,,,,,,,,,,,,,,,,,,,,,,,,,
Chile,78.20163,84.76726,88.26855,89.12822,87.01616,88.05954,91.78883,89.90293,,,,,,97.89976,,,,,,,,,,,,,,,91.04052,96.33707,97.51907,,99.33764,96.42633,94.13214,,,89.15037,,,98.56792,
China,,,,,,,,,,,,,,,,,,,,,,,,,,,90.80693,92.5945,,,,,,,,,,,,,,
Christmas Island,,,,,,,,,,,,,,,,,,,,,,,,,,,,,,,,,,,,,,,,,,
Cocos Island,,,,,,,,,,,,,,,,,,,,,,,,,,,,,,,,,,,,,,,,,,
Colombia,37.38952,55.87004,57.03335,60.60389,61.55974,,,,,,,,74.37232,77.68261,77.39309,71.68964,69.76086,73.65153,72.91917,72.68228,85.52176,76.5678,88.68543,86.99153,85.32758,89.23928,90.17475,,96.06289,97.73844,97.68182,94.83919,95.26624,,102.53955,105.97948,111.75842,113.52849,112.54106,117.03819,115.1855,111.47679
Comoros,,,,,,,,,,,,,,,,,49.56574,43.27862,,,,,36.519,,,,,,,47.25307,,,59.29746,58.63905,65.99942,66.5043,,64.2246,65.45922,,,
"Congo, Dem. Rep.",,20.61118,22.57087,,,,33.82518,37.39227,40.84201,,42.33572,45.44073,47.02256,50.37351,53.83977,,,,34.90081,,,36.80285,34.0337,42.36064,34.67131,,,,,29.35162,,,31.05771,,,,,40.73085,45.30249,47.41193,50.40142,
"Congo, Rep.",,,49.7138,58.60324,47.49299,57.49472,61.85065,64.68861,66.36666,72.95791,75.10497,75.92249,74.7757,71.7579,73.19645,72.1243,74.37664,75.89706,75.26689,69.08069,59.9656,51.0214,63.29349,63.25197,53.28595,,50.01879,,,,,57.27675,59.45981,55.09176,78.26799,69.03232,74.07495,73.75983,69.13417,68.08756,68.80945,
Cook Is,,,,,,,,,,,,,,,,,,,,,,,,,,,,,,,,,,,,,,,,,,
Costa Rica,77.07351,77.21999,86.33764,88.83083,86.98046,87.51603,83.53996,92.11177,89.75546,86.46862,86.79348,90.07243,90.3446,,,79.26382,79.08187,76.29272,77.14096,76.85434,,81.37382,83.35032,84.8383,83.79564,82.26368,84.30537,,,83.82944,88.81348,92.48138,94.1485,,95.95187,95.10662,92.11125,93.9137,95.94772,97.22384,97.35353,100.87872
Cote d'Ivoire,,,,22.15269,22.70964,,29.68617,32.45167,33.89691,35.07489,37.62163,41.18149,,38.89532,37.60439,34.09875,33.28092,33.84208,33.29054,32.4251,30.34895,31.7976,29.74529,30.79487,31.58212,30.46414,31.60242,32.04085,,,33.01342,38.83779,,,,,34.669,38.87391,,41.44459,,52.21832
Croatia,,,,,,,,,,,,,,,,,,,,,,,,,,80.57262,84.90547,86.13871,92.02096,91.02396,91.66042,94.49123,93.8727,91.09353,,95.87271,95.62848,100.83056,98.91065,95.34,93.14546,
Cuba,,70.58043,62.99125,,,,,,,,,,,,,,,,,,,,,,,,,,,95.62107,96.37277,96.09191,100.67395,95.63655,91.6673,91.21695,90.13634,91.74624,88.69391,97.47619,98.91671,99.03915
Cyprus,,,,,,,,,,,,,,,,,,,,,,,,100.55854,104.52595,99.81298,96.12532,99.21381,,99.82805,97.27323,98.57838,100.90276,103.19252,86.99913,99.85102,101.41141,99.95973,99.67638,103.32212,104.70352,
Czech Republic,,,,,,,,,,,,,,,,,,,,,,,,95.996,102.2419,,106.42492,,,99.25002,99.48808,98.85631,103.17085,96.75127,98.05296,96.4953,91.20606,92.44537,95.31609,100.67889,104.58419,
Czechoslovakia,,,,,,,,,,,,,,,,,,,,,,,,,,,,,,,,,,,,,,,,,,
Denmark,,96.78071,93.8085,95.58251,94.38202,,,,,,,93.05377,91.02557,92.37157,97.20061,100.43018,96.83523,98.40014,102.78538,96.86326,95.33824,97.60709,96.95034,99.36722,97.26477,,,,101.68452,101.11135,99.51004,101.0556,105.55227,,100.73805,100.31833,102.23493,101.73883,,97.62434,98.70566,
Djibouti,,,10.93321,11.9211,11.70595,13.57249,11.70249,,,,,,,,,,,,,,,,,,,,,,,19.69409,22.56432,21.71775,,27.73033,27.05056,26.63336,31.41961,,37.30808,34.03744,,44.8732
Dominica,,,,,,,,,,,,,,,,,,,112.39954,,,,,,,,,,,137.78135,124.31562,120.30769,106.66667,98.98551,104.11348,106.59187,95.02134,97.48892,93.10873,85.55556,82.58706,101.39616
Dominican Republic,,36.49292,,,,,,,,,,,,,,,,,,,,,,,,,,,,76.51941,81.78069,,94.57592,,88.61031,,87.28093,93.67916,,93.01195,91.46397,92.91567
East Germany,,,,,,,,,,,,,,,,,,,,,,,,,,,,,,,,,,,,,,,,,,
Ecuador,,55.15048,55.3306,58.99546,60.99774,64.98879,69.46745,71.49311,70.88552,73.79239,76.75194,,,,,,,89.8707,92.49998,,,,,,92.10563,90.46865,90.64064,94.53948,,98.34252,99.1543,100.84182,101.08163,101.41444,101.74998,106.8164,106.07211,106.17944,,,105.37296,
Egypt,,37.12497,35.13927,37.60921,39.85307,41.55335,42.88339,43.01475,33.80701,21.74278,33.72564,40.41956,,,,,57.13183,,,,,,,,,,,83.76088,,91.42031,90.61387,89.58169,91.07228,90.68558,92.90437,92.35781,90.12925,93.27361,,96.72455,,
El Salvador,,36.8348,40.78654,45.72011,47.32447,,46.51764,47.80235,,,,43.93218,46.52721,48.0194,46.82042,,,60.0653,64.0657,62.26688,,64.70779,65.86174,67.88375,,69.20869,72.46077,,75.50687,82.63227,81.96945,82.79766,82.51281,82.63413,84.15552,85.80262,85.40846,90.53235,91.86218,94.6881,95.7259,100.59197
Equatorial Guinea,,,,,,,,,,,,,,,,,,,,,,,,,50,,,,,44.3604,,,,31.66522,,45.84607,,,44.1433,48.14766,52.52172,52.15561
Eritrea,,,,,,,,,,,,,,,,,,,,,,,,,15.81663,20.29797,26.13232,28.73741,,29.92725,32.49855,33.39987,30.26164,32.35856,34.96545,44.22328,41.85209,41.15218,41.32332,43.04275,36.37015,34.32504
Eritrea and Ethiopia,,,,,,,,,,,,,,,,,,,,,,,,,,,,,,,,,,,,,,,,,,
Estonia,,,,,,,,,,,,,,,,,,,,,,,,,,81.37586,92.30171,,88.43045,91.60411,91.97963,96.47669,99.41397,102.53562,101.6223,104.52483,98.04493,98.15987,97.21249,97.67221,95.06498,
Ethiopia,,,,,,,,,,,,,11.18258,,,,,19.17042,18.53255,18.08963,,,,,12.71933,12.06361,12.63705,,13.32321,14.59332,16.19913,19.88441,22.40982,25.20824,28.78424,35.74045,41.93541,43.08178,47.6534,52.72832,66.56152,60.45732
Faeroe Islands,,,,,,,,,,,,,,,,,,,,,,,,,,,,,,,,,,,,,,,,,,
Falkland Is (Malvinas),,,,,,,,,,,,,,,,,,,,,,,,,,,,,,,,,,,,,,,,,,
Fiji,,,,,,,,,,,97.83032,98.69341,,96.15686,92.66821,94.54727,95.4311,,,,,,,,,,,,106.41349,100.32452,94.19905,98.98089,104.26858,108.04129,109.22736,,111.07262,103.49723,105.61988,105.14706,,
Finland,,,,,,,,,,,,,,,,,,104.64562,105.52355,105.51711,101.88326,96.93592,97.32844,96.32809,97.11755,100.09847,102.46043,,98.45291,95.78867,96.58461,102.67872,100.98337,101.84939,100.63865,99.68805,96.85767,98.42159,98.0019,97.38696,98.7582,
France,,94.76569,94.54143,,,,,,,,,,,,,,,,,,,,,,,,,,,,,,,,,,,,,,,
French Guiana,,,,,,,,,,,,,,,,,,,,,,,,,,,,,,,,,,,,,,,,,,
French Polynesia,,,,,,,,,,,,,,62.0467,,,,,,,,,,,,,,,,,,,,,,,,,,,,
Gabon,,,58.31725,56.57601,,85.35143,86.52314,82.23175,81.59578,89.49084,87.7686,89.45544,90.71076,91.09544,78.36257,,,71.11063,69.6803,69.40439,,,64.59103,,,67.1221,69.23837,70.11486,,,,,73.11969,70.25638,,,,,,,,
Gambia,,14.03631,14.73639,14.23298,14.57417,17.46374,15.69288,12.55144,18.16479,16.70661,17.52692,17.41483,18.10507,19.4388,23.73694,26.59524,30.2907,33.54636,,29.48578,,,29.22124,29.10777,27.2535,30.94837,38.28862,,,57.87339,59.24404,62.14925,60.91061,66.44985,66.67608,65.92385,64.99491,73.26979,81.17624,,,67.22544
Georgia,,,,,,,,,,,,,,,,,,,,,,,,,,,,,,83.70301,97.6459,101.19633,98.05599,86.31424,93.73306,82.75601,83.25465,92.07035,99.79487,107.95216,116.28396,
Germany,,,,,,,,,,,,,,,,,,,,,,,,101.04664,96.96923,95.65087,95.15685,95.83672,,97.46669,101.93925,105.54411,103.06374,103.58587,102.35106,98.90537,99.2409,103.12148,100.33432,100.31973,100.62929,
Ghana,,58.22036,53.07427,,47.94486,48.39203,49.95444,51.8575,52.45867,52.84463,54.73261,56.99023,,,,,,,,,,56.75739,58.88491,,,,,,,63.68315,66.78971,63.97591,65.45002,70.90572,63.45188,71.7459,69.70583,75.4757,82.29178,82.97057,,91.35704
Gibraltar,,,,,,,,,,,,,,,,,,,,,,,,,,,,,,,,,,,,,,,,,,
Greece,,103.00014,101.60567,99.27196,98.42857,99.0686,99.42732,100.34451,101.67083,101.29893,98.00476,96.91219,96.85398,99.20609,101.65296,104.21016,109.19597,100.68558,101.36415,98.44949,,,99.34185,,,,,,,,,,,,100.41692,100.17599,102.58845,100.49263,,,98.51151,
Greenland,,,,,,,,,,,,,,,,,,,,,,,,,,,,,,,,,,,,,,,,,,
Grenada,,,,,,,,,89.62188,91.88504,,,,95.18581,86.93467,,,,,,,,,,,,,,,,,,88.06202,99.83819,,,,98.22596,106.1244,113.24828,103.31658,
Guadeloupe,,,,,,,,,,,,,,,,,,,,,,,,,,,,,,,,,,,,,,,,,,
Guam,,,,,,,,,,,,,,,,,,,,,,,,,,,,,,,,,,,,,,,,,,
Guatemala,,,,,,,28.31049,28.46488,29.41538,,,,,,,,,,,,,,,,,,43.35802,,,47.62455,52.38362,55.08006,59.21723,60.55474,65.16702,69.16601,72.79787,74.03614,77.00963,80.50829,82.9543,
Guernsey,,,,,,,,,,,,,,,,,,,,,,,,,,,,,,,,,,,,,,,,,,
Guinea,,,,,,,,,,,,,,,12.0147,10.44593,9.93299,8.95078,6.93048,6.96875,9.4921,9.77402,9.57692,10.37166,11.0441,10.08008,,,14.2367,16.9001,20.23739,22.94073,27.29027,30.34135,39.86661,46.59527,52.85429,54.53389,47.92236,54.01466,52.96641,59.43032
Guinea-Bissau,,,,,,,,,,8.88758,5.26397,9.97403,9.28396,7.12688,7.3295,,,4.99698,3.75309,,,,,,,,,,,20.97782,21.42857,,,,,,,,,,59.96169,
Guyana,,95.23446,94.22222,88.20257,85.82357,,82.86151,90.48298,88.38704,86.96756,82.69756,,91.38435,,,,,93.59058,,,,,97.46686,97.41235,,77.42752,83.22248,87.76167,,102.11578,105.22246,80.28863,,75.23143,79.61037,106.83155,106.67855,102.00366,96.22141,94.26596,84.5748,86.73691
Haiti,,,,,,,,,,24.84065,25.33474,,26.61572,28.58662,,31.51572,33.25486,35.48842,,,,,,,,,,46.32697,,,,,,,,,,,,,,
Holy See,,,,,,,,,,,,,,,,,,,,,,,,,,,,,,,,,,,,,,,,,,
Honduras,,,,,,,,,,,47.64423,,52.74286,,58.14343,,,,,,,61.39827,,73.83786,,,,,,,,,,,,84.48468,91.7316,,93.15347,96.01859,101.59992,104.62149
"Hong Kong, China",,,,,,,,,,,103.97612,100.99249,98.97122,98.20211,102.68078,104.23654,,,,,,,,,,,,,,,,,,97.7527,98.60984,98.17928,99.53676,101.19709,97.45876,96.12403,,92.39885
Hungary,,,,,,,96.93097,99.87188,105.33983,99.96241,98.53683,93.08981,92.02884,92.47684,100.79131,112.42512,105.03134,99.89663,93.59034,87.99415,86.46909,,,,,,,96.21238,98.1442,95.30587,96.44212,98.45333,99.8678,96.64916,95.83298,94.06835,98.78071,95.01021,96.11898,97.17798,,
Iceland,,,,,,,,,,,,,,,,,,,,,,,,,,,,,93.48456,90,94.2261,105.67961,103.42857,108.45725,97.99544,98.17046,101.67327,96.95633,95.60932,98.68062,96.88806,
India,,27.55731,,,29.40537,,,,,,,,,,,,,49.30396,50.57737,,,,,,,62.5615,,,,60.50359,63.3278,65.01814,68.24818,76.24571,80.97401,82.84115,83.84568,92.4569,95.09797,,,
Indonesia,,,,,,,,,,,,,,,,,,,,,,,,,,93.90501,92.70116,91.22556,,,,93.14285,94.99786,96.04809,97.57226,97.02482,95.94191,101.14018,100.59015,104.92544,,
Iran,,37.26615,,,,,,,,,,,,,,,,72.2811,74.77684,76.66064,80.91456,84.52259,88.25832,94.08797,93.25623,97.62195,,95.95169,,,90.72384,94.41291,94.21304,88.929,105.61656,111.39262,98.10947,95.36778,99.12554,104.32339,106.33908,105.64264
Iraq,,20.56606,20.85348,22.79115,23.31958,27.31529,28.5656,37.18561,41.62401,,53.1511,,,48.47658,,58.33163,56.85311,53.1424,57.77889,53.3614,,,,54.0086,,,,,,50.87453,50.08348,54.36886,,68.21609,67.17209,,,55.39513,,,,
Ireland,,,,,,,,,,,,,,,,,,,,,,,103.01559,104.21454,102.5716,101.75563,,,95.48892,96.68114,94.9976,92.35696,94.58351,97.31986,99.42889,95.77633,,,,,103.82376,
Isle of Man,,,,,,,,,,,,,,,,,,,,,,,,,,,,,,,,,,,,,,,,,,
Israel,,,,,,,,,,,,,,,,,,,,,,,,,,,,,,,,,104.38289,104.57629,108.67131,104.23552,103.32075,104.9814,100.89767,104.59355,102.33107,
Italy,,97.81631,99.834,99.49177,100.2822,107.68492,105.61303,104.98629,101.74078,100.62608,102.19989,98.91222,99.56828,98.2767,98.43901,100.23276,99.99925,98.00582,98.05805,98.7344,99.60255,97.27432,98.7972,,103.12892,99.0919,100.20953,96.89358,,100.9089,101.97672,104.24325,102.07918,101.71131,99.72087,97.76102,98.39106,100.97996,105.42963,103.15858,103.81778,
Jamaica,,,,,,,82.78819,85.01458,,92.16457,88.35818,91.16198,,,92.81144,,,93.79158,96.79741,99.72302,99.93775,97.66921,,92.77903,,,,,,,90.38306,85.08433,90.74535,,89.29435,,,85.36357,,74.28203,72.96027,
Japan,,105.13237,100.8374,98.61101,97.8757,97.97154,98.32962,102.9869,99.10992,90.65864,106.12927,104.21022,99.44605,98.6969,99.1535,99.46966,101.47807,102.72455,100.90425,100.95635,103.53976,103.40751,101.20582,,98.84223,,,,102.98042,,,,,,,,,,,102.33392,101.92759,
Jersey,,,,,,,,,,,,,,,,,,,,,,,,,,,,,,,,,,,,,,,,,,
Jordan,,,59.83578,66.20488,77.93753,89.38011,94.53515,95.71848,99.75388,98.53447,100.05179,97.6459,97.48009,94.83157,98.58785,99.53218,,89.76904,90.67235,91.96797,95.46206,97.7766,97.78351,97.48258,99.44911,,95.66989,,,92.50252,94.99264,,92.8868,97.57676,99.5206,105.27937,103.82431,104.2686,101.42503,,90.55789,
Kazakhstan,,,,,,,,,,,,,,,,,,,,,,,,,105.43321,,,,,,93.07328,94.82167,96.73528,97.97335,105.33849,106.68779,104.26074,102.02182,106.84374,107.77325,110.91668,116.21187
Kenya,37.40088,40.17452,43.51009,46.20375,,,,59.82504,62.07114,,81.25257,80.88947,,,,,,,,,,,,,,,,,,,,,,,87.14365,89.61955,,,,,,
Kiribati,,,,,,,,77.33516,85.26316,66.33166,76.13219,124.52107,120.13699,130.9593,126.36505,127.03583,128.5489,113.97059,110.92669,112.81046,101.73913,110.90909,105.95238,104.42375,,113.14917,123.11828,129.8633,,106.25,94.70645,116.99905,110.95506,111.37835,116.75824,113.71841,108.84956,104.27948,113.10345,,,
North Korea,,,,,,,,,,,,,,,,,,,,,,,,,,,,,,,,,,,,,,,,,,
South Korea,,94.21166,95.73636,105.33024,104.03601,103.18191,107.04803,101.67178,98.90454,101.93923,99.10687,103.5928,101.67354,102.65192,108.10729,105.52652,105.02281,104.40046,99.98385,94.83405,100.01096,97.69278,109.53616,109.33531,112.44513,112.06862,,,101.22254,105.77599,104.61023,100.58976,96.28781,103.23913,101.43129,98.28231,98.45523,100.47021,98.97512,101.1367,100.56875,
"United Korea (former)
",,,,,,,,,,,,,,,,,,,,,,,,,,,,,,,,,,,,,,,,,,
Kosovo,,,,,,,,,,,,,,,,,,,,,,,,,,,,,,,,,,,,,,,,,,
Kuwait,,53.70739,49.10123,43.75108,42.32899,51.70694,74.86134,63.32691,69.09005,67.78365,77.48976,89.89202,89.36502,94.17318,95.65384,94.70694,93.42327,92.61998,,,,,54.57277,,82.21448,84.01562,110.33027,109.73724,,104.14835,104.65764,91.76955,96.4055,103.18638,105.64702,111.97434,106.46714,114.22918,,,,
Kyrgyz Republic,,,,,,,,,,,,,,,,,,,,,,,,,,,,,,93.40757,92.77801,92.2606,92.0655,90.20342,93.50584,98.37753,101.96508,96.05342,94.38397,97.52271,96.64924,95.41057
Lao,,,,,,,,,,,,,,,,,,,,,,,36.37661,39.67784,43.28929,,51.49675,53.91122,59.192,64.43664,63.38884,64.42728,65.67554,65.16604,65.30908,67.53004,70.03645,72.74843,75.47953,78.31774,83.61055,89.87358
Latvia,,,,,,,,,,,,,,,,,,,,,,,,,,,,,,89.82409,91.16004,98.20909,97.78313,101.43016,97.79597,93.82562,91.05901,92.05514,89.65085,86.18427,89.735,
Lebanon,,,,,,,,,,,,,,,,,,,,,,,,,,,,,88.57528,104.30714,,,,,,,87.07596,87.7129,89.37251,87.12914,89.40012,89.18593
Lesotho,,,45.64945,52.2215,64.78557,68.64007,63.65587,59.4529,61.32583,62.65496,63.51736,64.25283,64.65428,64.71995,63.97043,63.75328,64.17658,68.3269,71.57957,71.67702,75.39523,75.98979,77.74465,76.78323,78.59573,,76.29669,,74.11441,70.38571,69.28764,70.36448,71.73041,72.78338,75.4392,70.83476,89.04591,81.54746,77.63315,77.93981,78.85983,
Liberia,,,,,,,,,17.01452,,,,,,,,,,,,,,,,,,,,,,,,,,,,,63.13395,57.15502,55.64058,,60.2847
Libya,,21.34512,45.26545,48.93726,65.13734,90.46023,87.30268,98.89318,98.80597,93.44007,87.37097,91.08016,,94.34043,,,,,,,,,,,,,,,,,,,,,,,,,,,,
Liechtenstein,,,,,,,,,,,,,,,,,,,,,,,,,,,,,,,,,,97.53695,103.86473,,109.13978,102.72727,101.44928,96.83258,106.63507,
Lithuania,,,,,,,,,,,,,,,,,,,,,,,,,,92.93802,97.20159,96.98171,,95.51129,96.62651,103.40944,104.15324,106.33666,98.73275,91.16539,93.3611,95.97445,91.85569,94.14679,99.53613,
Luxembourg,,,,,,85.31226,84.54088,88.14214,88.32625,87.16557,,,,84.94909,,,,,,,,,,,,,,,,,,,,,,,,,,,84.4644,
"Macao, China",,,,,,,,,,,,,,,,,,,,,96.51601,,95.88875,95.06963,,,,,,101.31086,106.19098,105.43392,104.24566,98.76982,103.54409,97.32223,102.64068,96.8486,97.56181,93.01196,99.42411,102.61409
"Macedonia, FYR",,,,,,,,,,,,,,,,,,,,,,,,,,97.58741,98.94828,100.50736,,102.21665,99.87689,97.66367,101.42248,95.68065,95.35008,96.59332,92.47784,92.85767,93.70455,93.01888,,
Madagascar,,23.76587,26.03855,27.13524,,29.75503,,,,,,,,,,,,,39.71547,36.71649,36.80707,36.62721,33.71835,35.78775,33.56091,31.76935,32.61586,,31.4504,34.49347,37.27808,37.19884,37.16615,41.0651,47.34152,59.17991,58.03015,62.31528,69.09501,76.29351,73.22854,73.95546
Malawi,,,,,13.17333,13.4535,14.39957,17.45184,19.7539,21.34538,22.34514,24.50891,21.67707,25.70434,25.1548,26.58843,26.51458,26.45481,21.17206,22.00975,24.37189,27.79944,32.33821,34.14373,37.56128,49.38972,58.46171,,,62.97988,61.84212,64.18915,65.43324,,57.50788,57.74351,58.32552,59.84461,64.43769,67.28835,69.65712,72.44721
Malaysia,,,,,76.02292,,,,,,90.75063,88.88409,89.60295,94.05264,94.28,93.51003,,92.10555,92.00739,89.35191,87.70451,88.98554,,92.03985,,,,,97.56319,94.26871,,,92.26869,92.52763,96.30945,98.92446,,,,,,
Maldives,,,,,,,,,,,,,,,,,,,,,,,,,,,,,,,,,,,,138.7733,130.28603,,112.584,114.40461,105.08701,
Mali,,,,,,,,,,8.6331,,7.35172,,,7.39561,6.93994,,6.66036,6.4174,,,,,,,,,,,,22.74754,24.78524,26.9334,29.65846,31.39892,32.87592,37.41011,40.1807,43.54655,45.67925,48.6542,49.52963
Malta,,110.98797,113.85267,111.1631,113.19588,100.4315,75.54702,106.2963,98.81319,108.95176,112.5059,128.52535,111.95556,107.93651,108.04455,103.40729,100.99048,104.4518,98.43639,96.89655,96.53415,96.12113,97.48299,102.65216,99.42197,92.24517,95.0555,89.26649,94.90037,97.38006,101.79187,99.50877,100.21452,98.90431,97.19626,94.0613,,95.04831,96.27329,91.01412,97.01293,
Marshall Islands,,,,,,,,,,,,,,,,,,,,,,,,,,,,,,84.17639,,,118.23802,98.28767,,104.39122,116.09658,119.12351,111.43411,108.7037,,101.16861
Martinique,,,,,,,,,,,,,,,,,,,,,,,,,,,,,,,,,,,,,,,,,,
Mauritania,,,,,,,5.72025,5.39766,6.20578,9.42123,,16.23184,,,,21.77335,24.37726,22.54482,28.53208,25.3428,21.32991,25.62591,25.0585,27.64662,27.1752,27.9229,29.65765,33.69195,40.21891,,,43.18353,41.78123,,,42.98352,44.24076,56.72536,,71.89408,75.99682,
Mauritius,,,,,,,,,,,,,,95.35274,91.19565,98.02563,125.87014,93.95805,94.18217,63.87697,110.71869,117.10962,119.22387,113.23981,106.62875,97.63969,91.21411,86.49308,89.82778,92.80742,94.83871,97.66402,95.75199,98.33333,97.00501,96.31392,93.76315,95.6031,93.79775,91.85396,96.338,95.58106
Mayotte,,,,,,,,,,,,,,,,,,,,,,,,,,,,,,,,,,,,,,,,,,
Mexico,,,,,,65.38403,67.19925,73.06218,,,,,,,,,,,,,,,,91.25312,92.98107,96.158,97.57597,97.49423,,97.97197,98.85821,99.28522,99.96794,99.03129,100.19958,100.51759,101.34438,104.13633,104.70667,104.13561,105.45877,
"Micronesia, Fed. Sts.",,,,,,,,,,,,,,,,,,,,,,,,,,,,,,,,,,,,,,,,,,
Moldova,,,,,,,,,,,,,,,,,,,,,,,,,,94.83847,,,,,,97.5408,96.39881,95.16994,96.50727,99.41259,97.64873,92.87085,90.48338,91.46501,92.65368,90.17375
Monaco,,,,,,,,,,,,,,,,,,,,,,,,,,,,,,,,,,,,,,,,,,
Mongolia,,,,,,,,,,,,,,,,,,,,,,,,,,77.02893,82.17146,80.90282,90.53347,87.77226,88.07197,92.97524,100.01907,101.88347,97.1831,97.15483,109.53153,109.32974,,,108.62789,115.703
Montenegro,,,,,,,,,,,,,,,,,,,,,,,,,,,,,,,,,,,,,,,,,,116.26566
Montserrat,,,,,,,,,,,,,,,,,,,,,,,,,,,,,,,,,,,,,,,,,,
Morocco,,,,20.19211,20.8897,21.73814,,27.03998,30.15991,33.17044,34.93264,36.60726,37.93722,38.13424,38.35023,45.0426,44.28836,44.64475,40.75631,35.40762,42.07974,39.08359,38.10341,38.50797,38.77223,40.1246,41.24816,42.9574,45.5828,48.04217,50.77815,53.47603,56.42511,62.7946,71.62196,76.89804,80.26943,79.80282,78.34002,77.90809,81.89988,86.65187
Mozambique,,,,4.90527,,,,,,,,,22.27693,18.0531,22.12459,23.35992,34.60567,25.43482,18.99929,19.44142,20.85363,21.23398,20.09663,20.01242,19.9541,20.31609,,,,11.05785,12.56704,14.42439,17.31921,,23.78978,34.23358,34.20186,39.04196,51.6495,50.35596,55.44424,51.58005
Myanmar,,31.74529,30.10472,37.13071,36.17722,,,,,,,,,,,,,,,,,,,,,,,,,72.32942,79.02396,80.40864,82.2923,85.53409,88.24678,,,99.71613,100.28292,101.2954,106.1852,
Namibia,,,,,,,,,,,,,,,,,,,,,,,81.3756,,76.39771,,,,101.77263,99.84819,97.43244,97.9923,98.36547,97.75262,90.32597,89.39215,86.50668,86.06281,83.41458,88.14952,84.96944,
Nauru,,,,,,,,,,,,,,,,,,,,,,,,,,,,,,,,,,,,,,,,,,
Nepal,,,,,,,,,,,,,,,,,,,,,,,41.6265,,,,,,,54.56055,56.9304,58.82559,63.14468,,,,,,,,,
Netherlands,,99.56216,97.78593,98.41194,97.50321,97.19852,97.49081,95.96697,95.07965,94.04307,94.72714,99.54022,100.59217,98.89593,96.69085,91.80173,,,,,,,,,,,,,,98.61464,97.68486,98.18341,100.21406,,,,,,,,,
Netherlands Antilles,,,,,,,,,,,,,,,,,,,,,,,,,,,,,,,,,,,,,,,,,,
New Caledonia,,,,,,,,,,,,,,,,,,,,,,,,,,,,,,,,,,,,,,,,,,
New Zealand,100.6254,104.0425,105.91636,104.74127,101.06092,98.51152,98.16126,100.80919,102.14399,103.2065,,,,,,,,,,,,,,,,,,,,,,,,,,,,,,,,
Ngorno-Karabakh,,,,,,,,,,,,,,,,,,,,,,,,,,,,,,,,,,,,,,,,,,
Nicaragua,26.59332,30.41511,31.0886,34.25822,,,,38.4968,37.88057,33.65648,38.69911,,35.10016,34.18437,33.2052,36.42575,44.20671,54.53989,55.89275,,,,,53.87548,58.76736,53.79403,,,,70.2196,70.18132,71.26398,77.37279,75.61359,75.31428,77.81127,78.43628,79.79047,79.67073,,84.01096,
Niger,,3.46869,4.35244,4.4588,4.62405,4.88825,5.34772,6.13736,7.28985,9.57787,10.79142,11.00259,11.59844,12.57342,13.80754,14.02065,15.49737,16.21411,,10.90859,11.25852,13.20068,13.78382,13.25792,,10.32225,14.54947,14.20017,,15.05406,14.92696,15.4382,16.98123,16.8888,21.16863,23.28219,25.87356,31.58022,31.86,34.07332,35.5394,39.63087
Nigeria,,,,,,,,,,,,,,,,,,,,,,,,,,,,,,,,,,70.18459,71.76532,75.06845,80.51109,71.96312,64.49895,66.26536,69.6903,
Niue,,,,,,,,,,,,,,,,,,,,,,,,,,,,,,,,,,,,,,,,,,
Norfolk Island,,,,,,,,,,,,,,,,,,,,,,,,,,,,,,,,,,,,,,,,,,
Northern Cyprus,,,,,,,,,,,,,,,,,,,,,,,,,,,,,,,,,,,,,,,,,,
Northern Mariana Islands,,,,,,,,,,,,,,,,,,,,,,,,,,,,,,,,,,,,,,,,,,
Norway,,103.72967,,97.94477,97.86726,100.09976,101.15797,101.18496,101.70872,100.74692,99.07968,99.95413,100.93658,,100.83923,100.07288,96.46998,98.79542,96.48531,95.03585,95.52606,100.06277,101.18289,99.53748,,,,,97.76509,97.10226,98.7835,101.90929,102.62609,103.87128,102.75797,99.60346,98.60849,97.51715,98.3547,100.32489,99.00087,
Oman,,,,,0.71136,0.76887,2.79108,,7.58592,11.95984,,,,22.56511,28.34207,28.75676,34.49928,37.535,44.86141,52.28939,59.60087,,66.93633,,68.18863,70.90139,74.13306,77.53154,78.94029,80.51429,78.19149,81.48746,85.04909,88.83365,,,,,,99.65682,102.44274,107.68276
Pakistan,,,,,,,,,,,,,,,,,,,,,,,,,,,,,,,,,,,,50.56378,51.43498,53.49888,53.46942,54.50233,59.26097,59.02622
Palau,,,,,,,,,,,,,,,,,,,,,,,,,,,,,,,90.36145,,,,,,,,,,,
Panama,66.30917,70.20101,74.92446,80.92677,82.86819,85.47264,100.74263,94.94634,92.71932,90.82094,87.41706,84.5456,84.36327,85.19254,80.3643,83.31195,84.18596,85.3692,84.40381,86.51444,,,,,,,,,,91.21216,93.36104,94.72449,95.88949,,97.21539,96.40406,93.79092,98.46349,101.37907,100.90382,97.08029,101.28228
Papua New Guinea,,,,,,,,,,,,,,,,,,38.59719,41.09077,42.05228,40.58501,39.38196,39.39236,,45.02168,45.67625,,,46.42439,,50.50846,,,,,,,,,,,
Paraguay,42.12649,,44.6229,46.29731,47.59361,48.35047,49.52215,50.74662,51.49928,,53.57125,56.71562,58.48573,61.2372,63.13432,64.90569,63.92352,64.27701,63.75426,64.07777,65.25866,69.35138,72.89401,76.648,75.81154,77.9765,82.1157,,93.39199,90.7347,92.7335,93.31718,94.15983,96.498,95.41954,95.95262,94.69324,95.54136,95.14081,94.77099,91.3505,
Peru,64.64457,,,,,,,76.65722,75.98329,76.35755,76.94871,74.98902,,,,,,,,,,,,,,89.77562,,,97.58728,102.95625,101.28095,96.65988,96.50324,,,,101.44217,103.34836,101.98673,98.6544,100.06866,96.96431
Philippines,,,,,,,,,,,,88.78948,,93.72249,94.44522,93.00716,90.78511,88.35317,86.34543,87.425,,,,,,,,,88.28633,89.86378,,106.49032,99.18691,99.59272,98.01854,98.31529,95.76413,94.67851,95.27304,94.22781,,
Pitcairn,,,,,,,,,,,,,,,,,,,,,,,,,,,,,,,,,,,,,,,,,,
Poland,,,,,,,,,,,,,,,,,,,,,,,,,,,,,,,,,,,,,,,,94.57163,95.03012,
Portugal,,,58.0663,61.2449,68.22745,72.79764,68.08262,,,,,,,,,,,,,,,,,,,,,,,,,,,,,,,,,,,
Puerto Rico,,,,,,,,,,,,,,,,,,,,,,,,,,,,,,,,,,,,,,,,,,
Qatar,,50.85288,62.56158,68.53726,67.61658,74.32981,75.15198,73.90071,91.91176,93.29114,91.78657,86.19128,90.85239,,87.51169,89.33873,88.49894,76.14116,80.09845,78.66232,76.29179,74.23729,70.55068,68.60375,68.93863,67.99304,58.669,,97.56627,98.09501,,,,93.59401,,87.5198,87.12397,97.81575,100.12227,100.2291,,95.63797
Reunion,,,,,,,,,,,,,,,,,,,,,,,,,,,,,,,,,,,,,,,,,,
Romania,,,,,,,,,,,,,,,,,,,,,91.97982,,,83.3167,,,,,,94.06165,95.12435,94.66772,91.44401,96.75195,102.31643,105.79178,100.29841,116.01544,90.37662,91.31116,92.58633,
Russia,,,,,,,,,,,,,,,,,,,,,,,,,93.84052,91.8386,,,,,,,,,,,,,,,,
Rwanda,,16.92198,18.00388,20.62378,21.1048,23.35012,,25.55646,,,33.82591,44.13024,43.24341,42.74724,43.88712,45.8218,42.72195,43.08029,43.6543,44.06833,43.57423,45.13913,48.06807,,,,,,,28.99061,21.01061,22.35528,28.5777,39.15924,39.44996,,,,53.20353,71.43619,73.79851,
St. Barthélemy,,,,,,,,,,,,,,,,,,,,,,,,,,,,,,,,,,,,,,,,,,
St. Helena,,,,,,,,,,,,,,,,,,,,,,,,,,,,,,,,,,,,,,,,,,
St. Kitts and Nevis,,,,,,,,,,,,,,,,,,,,,,,103.85439,,,,,,,,103.82979,104.79303,106.95067,90.09217,113.23877,109.63855,,94.73684,85.55556,95.47414,88.65546,98.32285
St. Lucia,,,,,,,,,,,,,,113.43991,107.75656,,,,,,120.25704,109.72136,,112.0122,,,,,,,,99.77728,105.60538,101.18778,99.59931,95.6446,104.89965,101.02163,97.98042,92.95511,87.15013,93.15515
St. Martin,,,,,,,,,,,,,,,,,,,,,,,,,,,,,,,,,,,,,,,,,,
St. Vincent and the Grenadines,,,,,,,,,,,,,,,,,,,,,,,,,,,,,,,,,96.10275,99.73094,114.02715,115.46203,,,104.82955,,91.67473,
St.-Pierre-et-Miquelon,,,,,,,,,,,,,,,,,,,,,,,,,,,,,,,,,,,,,,,,,,
Samoa,,,,,,,,,,,,,,,,,,,,,,,,,,,,,,88.43985,95.81201,96.27561,94.5237,99.09502,101.92566,,,108.76242,,98.16555,102.61757,102.73369
San Marino,,,,,,,,,,,,,,,,,,,,,,,,,,,,,,,,,,,,,,,,92.99363,107.28477,
Sao Tome and Principe,,,,,,,,57.89474,,,,,,,106.79245,,,,71.29691,,,,,,,,,,,49.44568,,,66.53249,61.59461,74.93143,76.37627,,73.22154,76.83049,86.16601,89.1537,116.96941
Saudi Arabia,,,,,,,,,,31.36117,,,,,,,,,,,,,,,,,,,,,,,,,,90.52618,,92.23329,94.23212,94.64746,92.14532,
Senegal,,19.96553,20.15231,,,,,,23.74237,24.63804,23.01681,23.76153,23.74134,25.14178,26.323,25.45331,27.89795,,32.03436,32.61275,33.41032,,32.04285,,31.69341,,33.76711,34.46568,37.09447,,34.0108,38.33725,41.85574,42.5751,45.27226,50.09154,48.69941,50.54852,58.87262,60.51212,60.58286,64.58143
Serbia,,,,,,,,,,,,,,,,,,,,,,,,,,,,,,,,,,,,,,100.68998,104.79945,95.88169,96.60488,98.78332
Serbia and Montenegro,,,,,,,,,,,,,,,,,,,,,,,,,,,,,,,,,,,,,,,,,,
Serbia excluding Kosovo,,,,,,,,,,,,,,,,,,,,,,,,,,,,,,,,,,,,,,,,,,
Seychelles,84.32203,95.7359,105.46667,,104.36954,104.28397,105.04926,104.05904,108.95706,,99.3932,93.93564,93.70277,103.46154,100.7772,100.13004,110.31332,109.07895,95.46667,101.48448,,115.86022,103.22148,104.72335,99.18256,,,,109.375,113.91542,107.11354,112.46537,114.5686,118.1552,116.99545,127.66615,,120.59748,126.09428,126.22951,131.569,
Sierra Leone,,,,,,,,,16.60292,,,,,,,,,,,,,,,,,,,,,,,,,,,,,,,,,71.26104
Singapore,,,,,,,,,,,,,,,,,,,,,,,,,,,,,,,,,,,,,,,,,,
Slovak Republic,,,,,,,,,,,,,,,,,,,,,,,,95.85383,97.56216,97.24358,95.03113,94.47288,96.1189,94.86429,93.32445,97.76849,95.033,95.45939,94.75049,90.25555,90.02255,93.1476,96.04847,98.70019,99.07372,
Slovenia,,,,,,,,,,,,,,,,,,,,,,,,,,,,96.44835,100.22617,99.21332,94.2255,96.67979,95.25056,100.25391,112.303,,,,94.44803,94.65457,95.66615,
Solomon Islands,,,,,,30.30165,,,,,52.26749,51.97822,46.25551,45.36772,,,46.56042,,,,,,,,,,,,,,,,,,,,,,,,,
Somalia,,,,,,,,,,,,,,,,,,,,,,,,,,,,,,,,,,,,,,,,,,
Somaliland,,,,,,,,,,,,,,,,,,,,,,,,,,,,,,,,,,,,,,,,,,
South Africa,,,,,,,,,,,,,,,,,,,,,,80.20453,,,,,,,92.77866,87.40051,87.44871,,93.56082,96.54216,99.05107,,,,,,,
South Ossetia,,,,,,,,,,,,,,,,,,,,,,,,,,,,,,,,,,,,,,,,,,
Spain,,,,,,,,,,,,99.85246,99.38525,100.06203,103.18548,104.51119,104.50046,103.12973,105.49878,101.3089,100.55434,,,101.79867,102.37385,,,,,,,,,,103.84399,,97.5326,98.64053,100.31773,102.49604,102.64254,
Sri Lanka,63.63033,,,,,,,,,,,,,83.47619,,83.13145,84.05212,88.4124,,94.06314,97.14283,99.42768,99.44721,,,,,,97.74042,,,106.39247,,,,105.03719,103.95047,101.52506,96.75586,95.59424,100.67012,
Sudan,,9.06852,18.29927,,,,,,,,,,,,,,,,,,,,,,,,,,,34.75607,34.74024,36.00214,37.65011,40.0427,,,,,47.70831,54.85969,,
Suriname,,,,,,,73.21648,86.09248,77.55212,81.84342,,,,,,94.54094,,90.07092,87.18466,96.23181,,,,,,,,,,,,99.82643,,,,91.3976,99.9548,80.92048,93.3514,90.89261,,
Svalbard,,,,,,,,,,,,,,,,,,,,,,,,,,,,,,,,,,,,,,,,,,
Swaziland,40.35936,38.47581,39.12901,47.8462,53.26742,56.72646,58.85424,57.9826,58.00162,56.99556,58.44973,59.25926,61.65938,63.52172,63.99645,64.75823,65.51511,63.86463,67.48396,65.5962,66.46402,64.0171,64.5666,62.94151,63.96096,66.06345,63.15073,64.52524,64.8891,62.44937,62.48425,59.3372,63.60341,62.83095,64.86191,68.40067,68.22978,70.77358,,72.4457,78.20287,
Sweden,,96.35165,95.66131,92.48676,92.44598,93.89165,97.32696,105.21466,104.71596,104.76275,103.06124,96.76821,91.83269,94.17628,97.91789,,,100.57391,98.2148,96.15575,96.01564,96.486,100.85722,107.18265,105.28758,,,,,100.48362,100.36656,102.24643,102.46193,106.43183,103.0123,99.96876,95.93724,95.91131,94.48742,94.13455,96.6338,
Switzerland,,,,,,,,52.63612,59.35588,57.35559,55.64733,52.8666,52.23238,52.70264,52.18177,50.85899,50.27709,50.1197,49.07847,50.7,51.59286,53.8969,55.77962,60.56923,61.67899,,73.0467,,,97.02785,98.19026,98.8111,99.3219,99.77013,100.58737,97.9992,95.08792,93.77574,94.46918,96.88598,97.26371,
Syria,,35.87818,39.08394,40.2406,45.12566,47.45742,51.37614,55.06927,58.07594,56.47939,56.55805,59.51076,64.40441,67.65307,71.29773,75.47769,78.95678,80.18803,80.95183,86.26309,86.17995,88.05282,92.51312,84.67226,87.02666,87.40774,89.64867,89.08154,89.55567,90.26717,89.86667,90.88581,91.41192,105.56568,105.8854,106.44178,105.74349,103.02075,102.88719,103.22126,103.10131,
Taiwan,,,,,,,,,,,,,,,,,,,,,,,,,,,,,,,,,,,,,,,,,,
Tajikistan,,,,,,,,,,,,,,,,,,,,,,,,,,,,,,90.13423,88.00806,93.59908,95.86711,93.65647,90.8192,,103.99385,92.80384,,99.17964,102.29803,101.85052
Tanzania,,,,,,26.06798,28.38471,,,,,66.77595,78.22801,85.60101,116.19905,,71.48693,69.42399,64.13354,47.12543,,,54.44709,57.31599,,,,59.06406,48.60268,58.64865,,56.00492,60.10742,,57.96206,54.19695,71.47928,81.36033,,103.13363,92.13363,
Thailand,,,,,,32.97573,35.33066,35.9495,37.30339,,,69.42038,,,,,,,,,,,,,,,,,,87.04242,,,,,,,,,,,,
Timor-Leste,,,,,,,,,,,,,,,,,,,,,,,,,,,,,,,,,,,,,,,78.59285,68.06982,66.9425,
Togo,,13.19914,16.5608,,,,23.2445,,31.3187,32.5149,34.01297,31.99659,31.43973,30.96285,26.08797,20.60827,21.19131,20.08663,24.75588,19.24106,23.74307,24.16816,25.10829,,19.81308,28.0279,32.43189,,,42.2752,50.96652,57.89154,,60.85017,63.36233,62.98991,63.31738,,57.25276,57.62123,63.72449,66.82501
Tokelau,,,,,,,,,,,,,,,,,,,,,,,,,,,,,,,,,,,,,,,,,,
Tonga,,,,,,,,79.98501,95.35055,109.12409,,126.76168,108.69205,,114.12078,95.41041,101.2624,,,,119.84127,94.53925,,117.94454,,,,,108.28625,110.831,,105.0391,103.56537,,,109.08326,106.49789,,,,,
Transnistria,,,,,,,,,,,,,,,,,,,,,,,,,,,,,,,,,,,,,,,,,,
Trinidad and Tobago,,,,,,,,,,,,,109.39189,,,91.78703,,,100.74828,,,104.68058,102.57408,98.61399,,,88.59255,89.24276,,95.20213,87.65583,81.81681,,85.7046,93.04537,91.96489,,93.38731,90.05023,92.08127,91.17317,
Tunisia,,,,41.893,,,50.31686,52.8706,54.61312,46.12222,47.40284,63.47165,50.37152,52.62609,56.72917,58.32836,61.68956,62.79692,63.57394,68.15819,74.14357,68.83705,,69.96011,77.34031,87.68625,86.28628,88.63125,,87.91731,86.72625,88.10657,92.76525,96.09634,99.19026,101.72894,,101.51381,92.75877,91.97363,,
Turkey,,,,,,,,,,,,,,,80.49796,83.33745,90.5417,89.15033,101.19526,86.553,86.99581,88.73235,93.61187,86.86219,86.79037,85.93915,,,,,,,,,90.38039,95.11421,93.4201,93.24417,96.14213,98.17798,99.73379,
Turkmenistan,,,,,,,,,,,,,,,,,,,,,,,,,,,,,,,,,,,,,,,,,,
Turks and Caicos Islands,,,,,,,,,,,,,,,,,,,,,,,,,,,,,,,,,,79.54545,91.89189,90.59406,,,,,,
Tuvalu,,,,,,,,,,,,,,,,,,,,,,,,,,,,,,,112.14953,108.25688,101.92308,104.62963,106.25,110.34483,109.2437,,,,,
Uganda,,,,,,,,,,,,,27.98275,,,,28.18015,,,,,,,,,,,,,,,53.27977,56.65873,56.60773,54.06466,53.70978,,51.26265,56.88817,57.83021,56.45044,54.18406
Ukraine,,,,,,,,,,,,,,,,,,,,,,,,98.95046,95.0924,,,,,93.83638,90.95707,94.57665,97.42517,,,116.54638,104.55208,102.17759,100.62898,97.32506,97.77072,97.03789
United Arab Emirates,,,,,33.9137,42.58893,46.82179,54.44583,57.39658,63.57232,68.14059,71.81576,79.49577,80.99974,80.76648,76.21805,80.92676,81.09387,77.54711,83.01732,90.25391,96.62997,95.80702,93.89494,93.02787,90.84143,87.65512,91.1692,90.02533,90.02405,86.90022,83.74964,86.82662,91.2157,96.2062,100.78155,101.36929,,,,,
United Kingdom,,,,,,,,,,,,,,,,,,,,,,,,,,,,,,,,,,,,,,,,,,
United States,,,,,,,,,,,,,,,,,,,,,,,,,,,,,103.01365,102.05438,98.64533,101.04295,102.61931,103.75253,100.26424,96.14198,99.09253,101.44458,102.04852,99.53498,103.99037,
Uruguay,,,,,69.51485,,69.00856,71.90199,71.0434,71.29566,74.61983,,,,,89.0399,91.32238,94.69105,94.58329,94.74655,97.30748,97.4908,95.08669,97.00993,97.63874,96.02926,96.71683,,94.86624,97.75496,99.88225,97.14814,97.66936,93.77218,93.12763,97.71516,100.97113,105.73136,108.12536,106.41026,104.05555,
USSR,,,,,,,,,,,,,,,,,,,,,,,,,,,,,,,,,,,,,,,,,,
Uzbekistan,,,,,,,,,,,,,,,,,,,,,,,,,,,,,,,,99.97754,100.98162,96.58864,94.7444,96.43731,98.4251,96.42169,95.63958,92.24964,91.92424,91.68095
Wallis et Futuna,,,,,,,,,,,,,,,,,,,,,,,,,,,,,,,,,,,,,,,,,,
Vanuatu,,,,,,,,,,,,,,,,,,,,,,,82.03046,,,,,,,91.19241,94.40249,105.57249,103.45121,,89.65798,,,83.37147,81.8827,84.42653,,
Venezuela,,,,,,,,,,,,,,,,,,,83.97135,84.20274,,86.36737,90.01223,89.00726,,,85.38072,84.61017,,84.75582,86.23217,87.91204,94.37268,91.95669,92.54759,94.8627,98.77942,99.89733,96.5069,96.46218,94.92863,96.4178
West Bank and Gaza,,,,,,,,,,,,,,,,,,,,,,,,,,88.96526,89.86888,90.65607,,99.51361,98.09537,98.56304,94.40158,97.40746,90.42418,92.72796,,86.80834,87.80155,89.93839,92.55729,91.72106
West Germany,,,,,,,,,,,,,,,,,,,,,,,,,,,,,,,,,,,,,,,,,,
Western Sahara,,,,,,,,,,,,,,,,,,,,,,,,,,,,,,,,,,,,,,,,,,
Vietnam,,,,,,,,,,,,,,,,,,,,,,,,,,,,,,95.31074,95.86657,101.02356,98.09576,96.62985,,,,,,,,
Virgin Islands (U.S.),,,,,,,,,,,,,,,,,,,,,,,,,,,,,,,,,,,,,,,,,,
North Yemen (former),,,,,,,,,,,,,,,,,,,,,,,,,,,,,,,,,,,,,,,,,,
South Yemen (former),,,,,,,,,,,,,,,,,,,,,,,,,,,,,,,,,,,,,,,,,,
Yemen,,,,,,,,,,,,,,,,,,,,,,,,,,,,,,33.36713,36.34977,37.91426,39.38473,43.48181,44.38005,46.35572,,,50.79643,,53.04948,53.29811
Yugoslavia,,,,,,,,,,,,,,,,,,,,,,,,,,,,,,,,,,,,,,,,,,
Zambia,,,52.19457,54.90464,58.63927,60.74106,61.32354,64.19715,69.30915,68.5892,68.48815,70.41655,72.61819,74.80253,77.92163,,80.77734,,,,,,,,,,,,60.9486,58.53344,57.22657,,56.74318,,69.26927,73.78142,83.31598,86.88768,90.86807,85.16099,108.27183,
Zimbabwe,,,,,,,,,,,,,,,75.50539,,,,,,,,,,,,,,,,,,,,,,,,,,,
Åland,,,,,,,,,,,,,,,,,,,,,,,,,,,,,,,,,,,,,,,,,,
South Sudan,,,,,,,,,,,,,,,,,,,,,,,,,,,,,,,,,,,,,,,,,,
Christian,,,,,,,,,,,,,,,,,,,,,,,,,,,,,,,,,,,,,,,,,,
Coastline,,,,,,,,,,,,,,,,,,,,,,,,,,,,,,,,,,,,,,,,,,
Curaçao,,,,,,,,,,,,,,,,,,,,,,,,,,,,,,,,,,,,,,,,,,
Sint Maarten (Dutch part),,,,,,,,,,,,,,,,,,,,,,,,,,,,,,,,,,,,,,,,,,
St. Martin (French part),,,,,,,,,,,,,,,,,,,,,,,,,,,,,,,,,,,,,,,,,,
Antarctica,,,,,,,,,,,,,,,,,,,,,,,,,,,,,,,,,,,,,,,,,,
"Virgin Islands, British",,,,,,,,,,,,,,,,,,,,,,,,,,,,,,,,,,,,,,,,,,
Hawaiian Trade Zone,,,,,,,,,,,,,,,,,,,,,,,,,,,,,,,,,,,,,,,,,,
U.S. Pacific Islands,,,,,,,,,,,,,,,,,,,,,,,,,,,,,,,,,,,,,,,,,,
Wake Island,,,,,,,,,,,,,,,,,,,,,,,,,,,,,,,,,,,,,,,,,,
Bonaire,,,,,,,,,,,,,,,,,,,,,,,,,,,,,,,,,,,,,,,,,,
Sark,,,,,,,,,,,,,,,,,,,,,,,,,,,,,,,,,,,,,,,,,,
Chinese Taipei,,,,,,,,,,,,,,,,,,,,,,,,,,,,,,,,,,,,,,,,,,
Saint Eustatius,,,,,,,,,,,,,,,,,,,,,,,,,,,,,,,,,,,,,,,,,,
Saba,,,,,,,,,,,,,,,,,,,,,,,,,,,,,,,,,,,,,,,,,,