"Primary completion rate, male (% of relevant age group)",1970,1971,1972,1973,1974,1975,1976,1977,1978,1979,1980,1981,1982,1983,1984,1985,1986,1987,1988,1989,1990,1991,1992,1993,1994,1995,1996,1997,1998,1999,2000,2001,2002,2003,2004,2005,2006,2007,2008,2009,2010,2011
Abkhazia,,,,,,,,,,,,,,,,,,,,,,,,,,,,,,,,,,,,,,,,,,
Afghanistan,,,,,26.23178,,,26.73849,29.07336,,40.01639,48.30713,17.28688,,23.32496,24.62096,,,,,,,,38.75994,,,,,,,,,,,,48.3607,,,,,,
Akrotiri and Dhekelia,,,,,,,,,,,,,,,,,,,,,,,,,,,,,,,,,,,,,,,,,,
Albania,,,,,,,,,,,,,,,,,,,,,,,,,,,92.00994,,,102.1416,101.19881,103.35154,,101.90853,99.10666,,,,89.44897,88.83622,86.49044,88.18113
Algeria,,,55.3917,57.41252,60.71733,66.29215,72.58079,75.0438,77.39284,76.08493,74.14495,79.81293,79.17959,82.05522,87.95805,105.11991,85.30478,86.84667,87.73683,90.84413,88.98967,85.5203,87.70946,86.37179,84.10695,84.15162,86.85244,86.53181,,85.95268,82.59953,88.9309,90.34439,92.04006,92.68131,94.66572,,95.47622,121.33472,93.1644,96.09082,94.51607
American Samoa,,,,,,,,,,,,,,,,,,,,,,,,,,,,,,,,,,,,,,,,,,
Andorra,,,,,,,,,,,,,,,,,,,,,,,,,,,,,,,,,105.8309,105.91549,98.16273,,,,,,,59.91471
Angola,,,,,,,,,,,,,,,,,,,,,,,,,,,,,,,,,,,,,,,51.04942,50.34417,53.20401,
Anguilla,,,,,,,,,,,,,,,,,,,,,,,,,,,,,,,,,,,,,,,,,,
Antigua and Barbuda,,,,,,80.59172,82.34611,,,,,,,,,,,,,,,,103.47985,,,,,,,,,,,,,,,,102.88221,94.79554,102.46914,102.96296
Argentina,67.68698,68.6233,,,,75.8335,75.7229,,,,,,,,,,,,,,,,,,,,91.91536,90.21366,98.61157,97.52099,97.3034,97.0289,100.35518,98.45804,97.60872,95.81857,97.91143,100.66476,103.55536,104.46568,,
Armenia,,,,,,,,,,,,,,,,,,,,,,,,,,,,,,,,,92.81714,87.73945,99.31841,90.82341,91.53127,99.7926,,,,81.88611
Aruba,,,,,,,,,,,,,,,,,,,,,,,,,,,,,,101.22324,97.74436,88.95349,90.18233,92.42219,92.93194,87.43655,93.46734,91.48936,89.84962,94.72362,87.94416,
Australia,,,,,,,,,,,,,,,,,,,,,,,,,,,,,,,,,,,,,,,,,,
Austria,,95.12992,96.59683,96.47663,,,,,,,,,,,,,,,,,,,,,,,,,101.02238,100.60136,,,100.78501,101.70456,99.60148,98.92664,100.63802,103.22096,101.64451,99.21713,98.51931,
Azerbaijan,,,,,,,,,,,,,,,,,,,,,,,,96.54392,92.93121,,77.78479,100.39475,95.40736,92.55349,93.76524,96.32161,94.59821,95.09535,96.28642,97.25189,91.68856,97.80458,91.66038,92.07533,89.98708,93.34938
Bahamas,,,,,,,,,,,,,,,,,,,,,,,,,,,,,,80.14888,,,,,,100.61449,99.76959,103.81398,99.6594,100.20935,95.15896,
Bahrain,,,,,,,,,,,,,104.7619,96.02778,94.37264,98.7309,92.95065,92.94324,100.56373,104.07923,,102.1815,101.90009,101.50175,93.86839,92.31198,90.84494,,90.66833,95.35714,91.22492,91.93574,105.55928,110.92924,111.02769,107.45061,,,,,,
Bangladesh,,,,,,,56.68875,,,,,35.17463,,,,,,,,,,,,,,,,,,,,,,,,,,,,,,
Barbados,,,,,,,,,,,,,,,,,,,,,,,,,,,,,,94.85224,97.8551,103.79687,99.95267,102.41249,96.11374,86.79065,92.61939,88.11736,89.88095,91.96746,95.69378,108.49487
Belarus,,,,,,,,,,,,,,,,,,,,,,,,94.9671,97.71485,95.91478,94.85574,95.48765,,96.83154,99.70217,103.82667,128.95123,99.84731,101.09933,97.84334,95.96147,93.55611,95.25102,,,103.83901
Belgium,,,,,68.00473,70.20273,70.7837,71.46997,74.67719,66.35531,65.44195,71.30108,71.97297,67.42427,70.58665,68.88204,67.59017,67.09734,68.85961,,,74.86797,,,,,,,,,,,,,,,88.84928,87.76347,87.69977,88.62604,89.49743,
Belize,,,,,,,,,,,,,,,,,,,,,,,94.52527,,,86.05121,92.93333,,,94.04037,97.3924,95.92649,93.58513,93.91713,97.13625,100.17202,102.6911,102.45714,101.54022,106.86414,113.1362,113.68272
Benin,,27.15646,31.55421,32.17449,30.73399,38.56211,37.1926,36.8572,39.49314,40.85589,42.15626,45.89973,47.95421,54.95356,43.07456,49.33133,44.97114,43.46736,39.68943,39.20515,27.5057,30.69537,31.4293,34.62795,37.3722,43.72943,47.50243,50.78761,54.59197,,53.06782,58.02765,60.72833,65.09427,67.39069,,,,78.31977,73.68022,,84.27581
Bermuda,,,,,,69.41581,,,,,,,,,,,,,,,,,,,,,,,,,,98.6014,100.47393,98.30918,,,,,,,100,97.56098
Bhutan,,,,,,,,,12.90392,14.1015,,,,,,,,,,,,,,27.41863,31.63713,,,,52.31751,55.15815,55.14223,56.07189,,,,64.84833,72.70079,,80.09383,83.09412,88.71947,92.18595
Bolivia,,,,,,,,,,,,,,,,,,,,,78.45913,,,,,,,,,101.15273,101.74573,101.62679,105.36163,103.07519,102.11685,,102.67834,98.73953,99.9974,94.72044,94.74976,
Bosnia and Herzegovina,,,,,,,,,,,,,,,,,,,,,,,,,,,,,,,,,,,,,,,,,68.60846,75.08782
Botswana,35.69464,39.51188,45.794,,,,,,,50.0165,,65.32097,69.14153,62.8046,67.9948,71.75823,81.44739,83.55785,81.64323,77.3894,80.54103,81.6582,83.03219,82.88697,86.37777,84.30611,86.41277,,88.50471,86.07277,86.7674,88.74036,90.86012,90.86573,90.95909,89.75314,94.11288,92.22388,93.97683,96.61342,,
Brazil,,77.7898,60.77528,62.32482,64.44465,,,,,,,,,,,,,,,,,,,,,,,,,,,,,,,,,,,,,
British Virgin Islands,,,,,,,,,,,,,,,,,,,,,,,,,,,,,,,,,,,,,,,,,,
Brunei,,,113.65741,111.57025,113.83148,105.61385,120.79787,114.88,106.88735,113.63636,101.40916,95.89104,87.87097,82.21057,61.00725,,114.87965,,,,,,,,,,,112.07966,121.09424,124.14747,123.22347,133.15332,126.85103,130.04418,117.6815,110.10873,113.7737,115.3892,115.72932,114.12617,118.04309,119.52576
Bulgaria,,,,,,,,,,,,,,,,,99.27021,104.35258,103.33849,101.85929,99.95648,87.69476,88.17657,86.54475,88.57494,88.44877,90.69747,95.06211,94.98869,97.88871,97.49502,104.11524,98.44986,100.22116,100.38913,98.76896,97.95108,98.70502,91.65761,95.29666,105.66896,
Burkina Faso,,9.33065,8.64302,8.77701,8.18826,9.21433,9.11948,10.10475,10.39414,11.39537,11.04982,12.28781,12.48036,13.21285,13.86172,16.19252,,18.30406,19.51871,19.14932,22.57346,22.62593,29.06349,30.4224,31.22017,20.38531,25.28647,,,25.8157,27.8671,29.47775,29.8986,31.19023,32.43473,33.71488,34.483,37.00692,41.11507,45.04789,47.8241,
Burundi,,8.24259,,14.65419,14.27706,15.04256,13.7508,14.12514,13.80729,13.65226,13.79056,14.10205,16.55161,22.36745,30.56931,32.2318,32.99473,33.28474,46.04567,38.47875,47.99092,49.30696,56.36323,60.48783,,,,,,25.46823,28.66903,29.63291,30.39797,36.72019,40.90659,41.47613,,45.39401,48.27509,54.19228,57.38346,62.07853
Cambodia,,,,,,,,,,,,,,,,,,,,,,,,,,43.27285,,19.6864,36.65859,46.30102,,57.15039,63.51604,69.03544,79.69731,88.03751,90.30289,91.22084,86.60377,84.63631,87.26771,90.10595
Cameroon,,,,54.80712,53.78769,55.82234,57.10172,57.60057,68.44278,57.51926,54.83586,54.63493,53.10886,52.94744,54.64149,56.04139,56.33735,57.81075,58.32607,,56.37489,57.29544,,,,,,,,53.89074,54.45279,,53.47687,62.5246,65.38,57.15741,57.14797,62.42028,81.15174,81.92591,84.9339,84.28441
Canada,,,,,,,,,,,,,,,,,,,,,,,,,,,,,94.17708,95.53626,97.33086,,,,,,95.98202,,,,,
Cape Verde,,,,,6.57684,9.84234,,11.91698,12.99639,11.52348,18.88112,30.23804,26.63915,25.18972,32.44903,34.27091,35.31157,39.41091,44.8466,,58.04409,,,,75.70364,,,,100.05199,109.35021,105.96694,100.40883,102.72176,102.26675,102.09329,84.91379,96.34757,90.66958,96.62864,95.22731,100.12531,94.00184
Cayman Islands,,,,,,,,,,,,,,,,,,,,,,,,,,,,,,99.5283,,,,,,,,,,,,
Central African Republic,,43.96397,38.82732,48.81007,42.35057,54.88611,43.16815,,61.45985,,,42.52211,42.23605,38.00864,,,48.59852,36.39445,37.44774,37.99953,41.86187,36.82962,29.91812,,,,,,,,,,,,30.92078,33.74091,33.14412,41.88557,45.70616,48.42228,52.33221,53.2816
Chad,,,,,,,18.82922,17.74464,,,,,,,,,,,19.42127,21.21255,26.85619,29.33193,,,28.11634,22.2633,22.96032,23.71097,,29.69864,32.74859,35.8816,39.7355,46.2496,47.39711,42.91254,42.08027,,,43.83009,43.18934,47.1688
Channel Islands,,,,,,,,,,,,,,,,,,,,,,,,,,,,,,,,,,,,,,,,,,
Chile,76.80257,82.81753,86.21126,86.0094,84.16331,85.28448,89.01087,88.60271,,,,,,96.98863,,,,,,,,,,,,,,,91.0232,98.49345,98.59048,,101.14308,97.45322,95.74806,,,102.06293,,,98.966,
China,,,,,,,,,,,,,,,,,,,,,,,,,,,95.79143,96.03874,,,,,,,,,,,,,,
Christmas Island,,,,,,,,,,,,,,,,,,,,,,,,,,,,,,,,,,,,,,,,,,
Cocos Island,,,,,,,,,,,,,,,,,,,,,,,,,,,,,,,,,,,,,,,,,,
Colombia,61.07847,49.74218,50.02613,52.82718,53.01174,,,,,,,,67.55004,70.22633,71.07923,65.02246,72.29214,67.50657,66.8024,66.55848,62.63532,70.06874,75.86555,79.71795,80.72499,84.36271,85.78283,,91.54277,92.83279,92.86989,90.30992,90.72393,,98.39353,102.1102,107.91535,109.10287,109.28269,113.23216,112.59015,111.87797
Comoros,,,,,,,,,,,,,,,,,72.64019,54.8891,,,,,42.78948,,,,,,,53.24638,,,67.3913,66.54645,69.59863,70.09202,,69.74026,83.91722,,,
"Congo, Dem. Rep.",,60.40053,62.73694,,,,71.72949,73.88723,77.45268,,75.27301,76.17053,78.80803,79.55694,80.06073,,,,61.12776,,,61.98252,57.3874,62.65644,53.65057,,,,,34.12602,,,46.28893,,,,,60.14872,65.07742,68.188,66.86715,
"Congo, Rep.",,,71.05389,81.51899,68.60155,78.03611,78.57957,81.19328,80.15312,87.52457,87.31694,83.22919,83.09663,73.4428,78.57453,74.43813,74.42453,73.85644,75.42784,69.9859,60.90132,60.46245,62.61037,65.21131,55.80001,,49.39052,,,,,56.94675,60.36139,58.08148,84.94679,73.68861,81.12426,78.42818,72.88531,72.81884,72.84403,
Cook Is,,,,,,,,,,,,,,,,,,,,,,,,,,,,,,,,,,,,,,,,,,
Costa Rica,75.01281,73.52412,82.41208,86.88388,85.76402,81.9671,78.8681,86.02727,82.98988,81.68033,82.42943,85.52997,85.74118,,,76.02848,77.70564,75.13386,75.24677,74.4952,,78.21248,80.14983,82.33777,80.33957,79.031,78.97044,,,79.22397,85.14714,88.71712,92.56281,,93.84119,93.28952,88.92221,90.94273,91.52227,95.48379,95.26417,97.38866
Cote d'Ivoire,,,,52.1568,52.65978,,60.88185,64.59903,64.4787,66.92714,69.34645,72.84652,,69.18116,67.09236,55.46231,57.6697,55.90153,57.05344,52.03335,50.0441,53.86786,49.68767,50.84183,49.78484,48.18253,50.00053,51.58704,,,52.34217,59.08823,,,,,56.43557,56.23429,,58.18158,,64.93459
Croatia,,,,,,,,,,,,,,,,,,,,,,,,,,80.57304,85.98551,87.12842,92.68531,92.25039,93.51065,94.8717,96.35219,92.16264,,94.6432,97.06999,101.30729,97.78639,94.78895,93.06698,
Cuba,,59.70225,54.13467,,,,,,,,,,,,,,,,,,,,,,,,,,,93.00765,95.78254,95.42747,100.01465,95.03517,91.63414,91.95134,90.47517,91.71979,88.6181,97.62388,97.69443,98.12278
Cyprus,,,,,,,,,,,,,,,,,,,,,,,,100.96061,103.97086,99.5756,98.12467,98.53899,,101.56877,98.02643,97.55493,100.01796,99.36486,88.09077,100.30179,100.89286,99.94413,100.78695,103.00226,102.00125,
Czech Republic,,,,,,,,,,,,,,,,,,,,,,,,94.06547,101.72995,,108.95982,,,99.48196,98.89753,98.7458,102.57588,98.45417,97.54804,97.03868,92.63111,93.81713,95.98358,100.65604,104.67449,
Czechoslovakia,,,,,,,,,,,,,,,,,,,,,,,,,,,,,,,,,,,,,,,,,,
Denmark,,94.56866,91.32471,92.26287,91.13376,,,,,,,93.61086,91.60332,92.02495,98.30876,99.4985,97.14064,98.27246,101.69105,98.15561,95.10698,97.55805,96.70274,98.79923,96.03813,,,,101.16813,101.39683,100.41501,101.33642,104.97905,,100.36134,100.2004,101.64599,101.20512,,97.19883,98.29512,
Djibouti,,,27.33119,26.82717,26.93077,25.86016,25.5116,,,,,,,,,,,,,,,,,,,,,,,28.73019,32.88427,32.11009,,37.64601,37.7559,35.12445,39.09687,,46.07757,37.08851,,46.6484
Dominica,,,,,,,,,,,,,,,,,,,89.29766,,,,,,,,,,,109.2511,113.71681,119.51567,102.73973,101.59787,101.69271,98.45758,90.80158,92.10526,87.46356,86.92308,85.01629,87.24138
Dominican Republic,,33.00283,,,,,,,,,,,,,,,,,,,,,,,,,,,,68.76614,74.05569,,86.58751,,84.19606,,80.58648,88.96691,,93.28079,92.67429,90.81839
East Germany,,,,,,,,,,,,,,,,,,,,,,,,,,,,,,,,,,,,,,,,,,
Ecuador,,59.48905,57.48002,60.87799,64.24022,67.95155,72.30174,73.84976,72.55338,77.38606,80.3055,,,,,,,93.71506,92.36076,,,,,,90.90672,89.15951,89.63516,94.02102,,96.86291,98.38379,99.16793,100.22,100.2225,100.65431,105.53886,105.77417,104.84761,,,103.94974,
Egypt,,65.48758,61.52082,65.41707,67.104,70.63552,71.54734,71.93489,66.69435,45.36134,52.71031,62.39533,,,,,79.10503,,,,,,,,,,,95.70402,,99.62799,97.91882,95.83765,93.00397,95.1508,96.83217,100.97722,93.79192,98.17595,,100.19194,,
El Salvador,,42.55595,45.41461,50.76062,51.38917,,49.78181,50.70503,,,,43.24615,46.34251,47.20832,44.7619,,,57.48221,61.03576,59.18537,,62.47615,63.116,65.2695,,65.61161,71.08578,,73.98303,83.98643,84.23588,81.9484,81.24592,81.31017,82.4713,83.7517,83.95199,87.00895,88.9924,92.08047,96.46038,100.4475
Equatorial Guinea,,,,,,,,,,,,,,,,,,,,,,,,,56.35088,,,,,64.86486,,,,44.90681,,48.31927,,,47.29892,50.07862,52.19575,51.26678
Eritrea,,,,,,,,,,,,,,,,,,,,,,,,,21.3401,27.78714,39.76488,43.41667,,38.36736,39.98473,39.7489,40.36401,45.02812,52.0437,58.5964,56.33664,52.72595,51.67466,52.14673,43.23088,41.52628
Eritrea and Ethiopia,,,,,,,,,,,,,,,,,,,,,,,,,,,,,,,,,,,,,,,,,,
Estonia,,,,,,,,,,,,,,,,,,,,,,,,,,79.12108,91.48341,,88.51473,91.20714,92.69454,97.22342,99.78094,107.22029,104.1599,107.27663,102.08279,99.56909,96.34638,97.42823,97.57576,
Ethiopia,,,,,,,,,,,,,22.96655,,,,,30.60956,30.34866,28.59519,,,,,17.19136,18.03776,19.93583,,23.10583,26.82756,29.77375,36.54125,40.85555,44.16056,45.98742,50.69895,52.8414,53.5593,55.3852,56.24907,73.57448,67.59804
Faeroe Islands,,,,,,,,,,,,,,,,,,,,,,,,,,,,,,,,,,,,,,,,,,
Falkland Is (Malvinas),,,,,,,,,,,,,,,,,,,,,,,,,,,,,,,,,,,,,,,,,,
Fiji,,,,,,,,,,,96.41921,96.0563,,94.85156,91.37741,92.25822,95.00643,,,,,,,,,,,,101.07004,99.7818,96.29991,95.30977,99.49064,103.29534,108.12933,,110.92981,102.24421,105.86232,104.87535,,
Finland,,,,,,,,,,,,,,,,,,103.61013,106.1922,105.62945,101.67219,97.79978,96.15509,95.8864,97.2528,101.14051,100.37034,,97.92199,96.24204,96.17052,102.00444,101.15466,102.44043,100.21875,101.14421,97.059,98.21577,99.48709,97.88201,97.64069,
France,,90.4416,90.0591,,,,,,,,,,,,,,,,,,,,,,,,,,,,,,,,,,,,,,,
French Guiana,,,,,,,,,,,,,,,,,,,,,,,,,,,,,,,,,,,,,,,,,,
French Polynesia,,,,,,,,,,,,,,92.55679,,,,,,,,,,,,,,,,,,,,,,,,,,,,
Gabon,,,78.95356,77.93392,,101.50843,111.87435,102.33417,105.90724,103.40104,103.97814,110.04659,108.8932,104.62755,89.60241,,,76.10494,73.87959,69.57472,,,58.41732,,,67.6163,66.73708,70.03214,,,,,70.18722,67.36723,,,,,,,,
Gambia,,35.03286,37.1147,35.2396,33.92453,34.94173,34.84052,28.25279,35.64392,36.96858,40.40611,38.88402,44.08308,49.34623,56.82077,58.12477,59.94573,64.9865,,53.67494,,,48.46882,44.39929,44.1464,44.92631,50.90191,,,74.23865,73.91686,75.05542,73.33493,74.60558,72.64359,68.26807,65.99393,71.59998,74.46904,,,65.47156
Georgia,,,,,,,,,,,,,,,,,,,,,,,,,,,,,,84.62621,98.27905,99.93631,96.95648,91.71649,96.66316,87.44143,84.42441,96.20418,103.82114,111.77172,116.20548,
Germany,,,,,,,,,,,,,,,,,,,,,,,,100.61782,96.9501,95.14711,94.51422,95.45991,,97.58567,101.95658,105.56201,103.04442,103.63576,103.11229,98.8171,98.70083,102.38585,100.00409,100.23148,100.53378,
Ghana,,72.17367,65.91398,,60.42973,62.8997,66.23348,68.61381,70.63009,70.37159,70.92073,75.75463,,,,,,,,,,72.28418,74.25545,,,,,,,72.13177,75.22712,70.76745,72.00524,68.63344,73.59625,77.2212,73.04938,80.22254,86.44661,90.1721,,96.58715
Gibraltar,,,,,,,,,,,,,,,,,,,,,,,,,,,,,,,,,,,,,,,,,,
Greece,,104.6459,103.03109,102.01043,100.62544,101.02666,100.86543,100.57077,102.54855,101.85891,98.38631,97.53264,97.36227,98.40383,101.84684,104.87268,110.96836,100.31229,100.84751,97.5352,,,99.51472,,,,,,,,,,,,102.77099,99.83604,103.61986,101.3603,,,98.77081,
Greenland,,,,,,,,,,,,,,,,,,,,,,,,,,,,,,,,,,,,,,,,,,
Grenada,,,,,,,,,90.20867,92.19799,,,,95.48811,84.8583,,,,,,,,,,,,,,,,,,94.79725,100.88141,,,,97.06691,114.95327,128.9924,119.5547,
Guadeloupe,,,,,,,,,,,,,,,,,,,,,,,,,,,,,,,,,,,,,,,,,,
Guam,,,,,,,,,,,,,,,,,,,,,,,,,,,,,,,,,,,,,,,,,,
Guatemala,,,,,,,32.77693,32.49418,33.92152,,,,,,,,,,,,,,,,,,52.72235,,,58.2912,62.99716,65.50746,68.84164,70.01618,74.70048,78.25965,80.619,80.62982,83.26253,86.79478,88.45324,
Guernsey,,,,,,,,,,,,,,,,,,,,,,,,,,,,,,,,,,,,,,,,,,
Guinea,,,,,,,,,,,,,,,30.35776,24.13696,23.04396,22.71502,18.5828,20.57112,31.1587,26.42799,25.62895,28.62533,29.26598,29.24677,,,35.7631,40.97687,43.89902,45.77065,50.45995,48.78229,60.78074,68.28559,72.87478,72.61478,64.324,72.66287,74.91081,74.07916
Guinea-Bissau,,,,,,,,,,29.12837,24.51833,33.35382,31.44122,20.62948,16.32691,,,10.67071,7.59555,,,,,,,,,,,37.26029,38.05087,,,,,,,,,,75.27148,
Guyana,,96.16451,89.73366,89.90136,89.1025,,84.26285,93.15043,88.78443,94.45427,85.94835,,91.82669,,,,,91.14555,,,,,97.32909,96.73301,,84.53883,82.02406,87.12342,,101.6814,100.33383,92.97148,,82.07998,83.61301,102.75429,103.4659,95.2538,92.90098,90.58754,81.95173,84.33403
Haiti,,,,,,,,,,27.65308,28.74905,,30.22757,33.38641,,36.37462,39.07352,40.6236,,,,,,,,,,49.16203,,,,,,,,,,,,,,
Holy See,,,,,,,,,,,,,,,,,,,,,,,,,,,,,,,,,,,,,,,,,,
Honduras,,,,,,,,,,,41.85822,,47.60502,,52.43165,,,,,,,67.60332,,65.7163,,,,,,,,,,,,79.23421,86.41905,,87.30592,90.92946,95.57196,98.42396
"Hong Kong, China",,,,,,,,,,,104.30431,102.4544,98.18091,97.70787,102.75176,103.60061,,,,,,,,,,,,,,,,,,98.8742,99.60083,99.52719,101.1414,101.59161,97.56914,95.39596,,90.29293
Hungary,,,,,,,96.22537,98.02637,103.20405,99.28471,96.97323,92.27145,90.57534,91.59923,98.62092,110.81107,103.45511,98.226,91.9513,87.21552,84.91794,,,,,,,97.4927,98.18182,97.43037,97.90167,99.10697,100.59071,97.46459,95.1592,94.88449,99.28682,96.45459,98.69884,97.86346,,
Iceland,,,,,,,,,,,,,,,,,,,,,,,,,,,,,85.87856,89.93103,100.73699,109.97701,102.66486,107.50883,99.08973,102.03822,97.52724,96.89337,95.89568,100.04357,99.06334,
India,,50.50148,,,53.15487,,,,,,,,,,,,,73.57309,74.45399,,,,,,,81.91893,,,,76.53847,78.98398,78.35686,81.48978,82.35061,87.01908,87.95205,89.25894,96.08657,96.22644,,,
Indonesia,,,,,,,,,,,,,,,,,,,,,,,,,,92.66704,92.01678,94.79673,,,,92.34093,94.3556,96.09123,96.29706,95.90205,95.73894,103.40563,101.99195,104.12447,,
Iran,,65.98174,,,,,,,,,,,,,,,,91.46978,90.60131,90.70499,92.66324,95.74623,98.37545,103.13363,99.77848,103.05841,,100.48875,,,94.88144,98.47059,98.58477,96.57032,101.03325,101.63773,100.14115,96.08603,99.40201,104.55879,106.95812,106.45354
Iraq,,57.93419,56.18176,60.43082,61.67639,73.23058,72.97083,90.61194,88.92292,,92.09241,,,64.4595,,71.2787,70.26648,62.45738,63.43105,64.28086,,,,64.48884,,,,,,62.22863,60.85985,65.84845,,90.19621,89.39343,,,74.4742,,,,
Ireland,,,,,,,,,,,,,,,,,,,,,,,103.20535,103.77845,101.77629,100.49442,,,93.70275,95.16901,94.26395,90.78234,93.68972,97.26571,96.50438,94.89344,,,,,101.79357,
Isle of Man,,,,,,,,,,,,,,,,,,,,,,,,,,,,,,,,,,,,,,,,,,
Israel,,,,,,,,,,,,,,,,,,,,,,,,,,,,,,,,,104.53835,104.48846,107.60145,104.03832,102.19921,102.1888,99.7949,102.40013,101.15963,
Italy,,97.58427,99.27612,98.81796,100.01488,107.55976,105.605,104.8877,101.93381,101.64038,102.57692,99.35653,99.44497,98.54057,98.02213,100.23905,99.74881,99.2808,98.4571,98.99364,99.90292,97.88408,98.53079,,98.9904,100.64957,100.85615,97.27978,,101.84739,101.79949,104.57165,102.63915,102.38344,100.16184,98.50556,99.32794,101.56501,104.41938,102.62647,102.63938,
Jamaica,,,,,,,74.00013,75.80958,,81.61552,80.43215,80.49399,,,84.98658,,,87.71488,89.65377,92.69295,93.99281,90.49889,,88.22058,,,,,,,85.51644,79.00648,85.30294,,86.88026,,,83.32319,,74.85416,73.90545,
Japan,,105.14392,100.99096,98.67672,98.13026,97.86117,98.34198,102.58002,98.55166,90.59621,105.69624,104.15365,99.39466,98.57903,99.09037,99.33372,101.28238,102.59473,100.63445,100.84541,103.28821,103.26869,101.14651,,98.97925,,,,103.10353,,,,,,,,,,,102.52859,101.9267,
Jersey,,,,,,,,,,,,,,,,,,,,,,,,,,,,,,,,,,,,,,,,,,
Jordan,,,79.57545,86.45094,100.16359,109.46317,108.94442,107.76941,107.30934,106.23794,105.36711,101.08861,98.13402,92.60126,94.85321,94.82161,,86.44072,89.97709,92.12607,94.88306,96.82314,97.7275,95.73196,99.56178,,93.94089,,,91.30498,92.79274,,93.15139,97.44655,100.05161,104.31088,101.46418,103.60543,101.32914,,89.33103,
Kazakhstan,,,,,,,,,,,,,,,,,,,,,,,,,104.99318,,,,,,92.20185,95.15476,96.20018,97.73613,104.55523,106.2516,103.07784,100.826,105.50623,107.59374,109.95639,116.28317
Kenya,59.5825,61.30816,64.46349,65.15353,,,,74.73005,75.02698,,90.86706,88.19201,,,,,,,,,,,,,,,,,,,,,,,89.9992,91.67824,,,,,,
Kiribati,,,,,,,,88.27786,90.54242,75.09934,83.35484,132.93011,128.6944,137.48103,143.87097,145.80537,137.13826,113.03704,110.80332,114.13748,100.2445,111.95266,114.87889,107.5028,,107.15789,120.14388,117.61762,,108.00368,103.42651,117.00801,108.69947,118.43478,114.90095,119.25043,117.17172,138.58333,111.01906,,,
North Korea,,,,,,,,,,,,,,,,,,,,,,,,,,,,,,,,,,,,,,,,,,
South Korea,,97.67032,100.05126,108.10157,104.45977,103.53762,107.73628,100.96418,100.02306,101.84082,97.64007,103.33171,100.63366,102.34057,107.74372,104.75127,104.15029,103.95964,99.31214,95.14974,98.53092,97.03144,108.56896,108.82587,111.10212,110.80431,,,99.30386,103.32565,103.6101,100.70507,95.64724,101.79719,101.6767,100.42576,101.42852,102.25823,100.30497,100.41627,101.83359,
"United Korea (former)
",,,,,,,,,,,,,,,,,,,,,,,,,,,,,,,,,,,,,,,,,,
Kosovo,,,,,,,,,,,,,,,,,,,,,,,,,,,,,,,,,,,,,,,,,,
Kuwait,,64.63719,59.58759,59.67603,55.80142,64.6661,87.41382,72.91403,78.55249,82.2182,86.76427,99.79325,96.61584,94.60546,91.56839,92.64691,94.09149,95.90687,,,,,57.26294,,82.31742,68.72605,108.34673,103.29677,,103.11458,101.32617,89.34647,97.62513,101.47158,104.23738,118.08215,102.79057,110.15804,,,,
Kyrgyz Republic,,,,,,,,,,,,,,,,,,,,,,,,,,,,,,93.7392,93.9775,94.24041,94.84386,91.32837,93.38304,98.43937,101.98938,97.66572,95.31438,96.81139,96.49735,96.14078
Lao,,,,,,,,,,,,,,,,,,,,,,,46.06642,49.09625,55.98615,,64.5361,68.21484,71.63367,77.39776,75.13975,74.32843,73.84409,73.19442,73.62199,75.81398,80.35746,81.88355,83.34427,86.42842,89.32503,95.25548
Latvia,,,,,,,,,,,,,,,,,,,,,,,,,,,,,,91.45459,93.54327,98.06466,98.1503,104.1407,99.30514,95.53356,93.00693,95.76749,93.42796,92.11886,94.36914,
Lebanon,,,,,,,,,,,,,,,,,,,,,,,,,,,,,87.57777,100.05183,,,,,,,82.9449,83.49108,84.86169,82.93459,85.19056,84.87609
Lesotho,,,27.28822,28.59108,34.48494,35.76014,33.84069,30.29468,29.43997,29.6706,28.96869,30.78104,31.3739,33.71056,35.55592,36.01254,35.9523,37.1307,39.26425,40.24855,41.43964,41.86152,44.93011,45.41593,47.95957,,51.82971,,51.43728,52.14395,50.33599,52.4947,52.58911,54.3997,55.19562,49.60349,62.49486,60.16019,58.41752,57.73517,60.38695,
Liberia,,,,,,,,,38.19619,,,,,,,,,,,,,,,,,,,,,,,,,,,,,74.85203,67.41118,67.23764,,71.55794
Libya,,66.23845,115.30576,95.92336,115.86928,135.05725,126.49528,121.97182,116.80893,109.13125,98.8347,99.28791,,105.12254,,,,,,,,,,,,,,,,,,,,,,,,,,,,
Liechtenstein,,,,,,,,,,,,,,,,,,,,,,,,,,,,,,,,,,84.18803,114.91713,,95.16908,103.00429,105.88235,92.37668,116.29213,
Lithuania,,,,,,,,,,,,,,,,,,,,,,,,,,93.08363,96.97098,100.4446,,97.75097,97.72647,103.83302,105.14501,106.57076,100.67844,92.13605,92.97615,95.38484,91.98,97.49485,99.20776,
Luxembourg,,,,,,82.54262,83.8891,85.21966,81.60834,81.88947,,,,80.63025,,,,,,,,,,,,,,,,,,,,,,,,,,,82.54419,
"Macao, China",,,,,,,,,,,,,,,,,,,,,96.88323,,89.34615,95.53377,,,,,,99.43916,93.4671,95.61383,97.64962,97.90563,102.23567,94.26523,100.37605,99.05603,96.64624,97.22508,95.41151,92.09915
"Macedonia, FYR",,,,,,,,,,,,,,,,,,,,,,,,,,95.50992,99.17994,99.42474,,105.50659,100.92423,99.65657,98.07716,95.68671,93.44375,94.22572,94.28383,92.81246,91.51711,91.61724,,
Madagascar,,30.50907,33.72459,31.88773,,34.34515,,,,,,,,,,,,,35.95066,35.02935,35.43973,34.98428,33.6724,34.9832,31.80975,32.48429,31.12604,,31.14488,33.78104,36.94076,36.14322,36.34037,40.22023,45.96086,59.31203,58.29241,62.80986,69.1078,75.65314,71.6864,71.85494
Malawi,,,,,26.88434,29.03425,32.28458,37.89365,37.73541,40.33352,40.72827,43.64705,45.82641,41.40708,38.82622,39.15573,36.95364,36.21712,29.1117,29.8719,32.33147,35.85424,39.42234,43.58882,47.01682,62.72547,72.53143,,,71.49036,69.08503,67.32554,70.97431,,59.78546,59.07307,58.20969,58.76665,63.81117,64.51149,66.95261,69.90093
Malaysia,,,,,84.97909,,,,,,93.60426,90.5921,91.32129,95.88607,95.71048,94.23602,,92.85927,93.05669,90.50454,88.00871,89.3325,,92.23954,,,,,96.70488,95.6382,,,92.60727,92.68121,96.60585,98.9985,,,,,,
Maldives,,,,,,,,,,,,,,,,,,,,,,,,,,,,,,,,,,,,141.46037,133.17733,,116.61415,125.89906,122.48013,
Mali,,,,,,,,,,17.36745,,14.74258,,,14.26128,13.55105,,12.0568,11.64475,,,,,,,,,,,,35.72971,41.29018,41.16845,44.55162,46.53592,48.089,53.49708,56.36193,57.73817,58.27752,60.76745,61.01278
Malta,,105.02528,112.3623,109.1193,113.70607,101.83885,81.3987,99.33464,97.12474,107.48085,114.24632,129.75871,113.81523,108.70809,98.90796,113.306,112.85817,115.41132,100.43683,102.12696,98.96574,95.71846,99.38372,99.61115,100.93851,98.3269,94.96815,96.94754,94.22832,96.27847,98.40806,98.77605,100.26991,99.3791,97.49028,95.21392,,96.6348,100.5514,92.99674,96.43009,
Marshall Islands,,,,,,,,,,,,,,,,,,,,,,,,,,,,,,100.36496,,,110.91703,109.12052,,116.18497,113.12741,113.39623,114.33757,106.51801,,93.71166
Martinique,,,,,,,,,,,,,,,,,,,,,,,,,,,,,,,,,,,,,,,,,,
Mauritania,,,,,,,14.7769,15.41695,17.77641,22.40313,,34.54626,,,,37.78283,39.76032,42.98613,47.8741,42.66244,35.92839,38.97789,37.50638,38.05962,37.8415,39.09713,39.09812,43.7883,48.34581,,,48.61779,45.2446,,,44.19067,45.37206,56.67185,,68.28785,73.64216,
Mauritius,,,,,,,,,,,,,,98.59279,87.55612,97.08792,122.411,94.97041,93.43172,61.34352,110.44143,115.90556,114.99235,111.65254,105.34448,97.68856,90.49486,87.45602,85.32976,91.93753,96.24257,96.35505,95.44172,97.73585,93.61495,95.03945,90.66097,92.44457,93.12962,90.92696,95.72114,94.31061
Mayotte,,,,,,,,,,,,,,,,,,,,,,,,,,,,,,,,,,,,,,,,,,
Mexico,,,,,,70.50249,72.39433,77.5459,,,,,,,,,,,,,,,,91.09096,92.88685,95.80874,97.91321,98.6646,,98.36222,98.37389,98.17647,98.74478,98.15929,98.6548,98.66592,100.07284,103.08345,103.87918,103.7194,104.56848,
"Micronesia, Fed. Sts.",,,,,,,,,,,,,,,,,,,,,,,,,,,,,,,,,,,,,,,,,,
Moldova,,,,,,,,,,,,,,,,,,,,,,,,,,94.94289,,,,,,96.99428,97.85613,95.58256,95.95292,99.56291,98.39621,92.95444,92.23703,94.10357,91.3398,91.9755
Monaco,,,,,,,,,,,,,,,,,,,,,,,,,,,,,,,,,,,,,,,,,,
Mongolia,,,,,,,,,,,,,,,,,,,,,,,,,,72.26173,76.36268,72.55831,85.36222,83.85765,83.52436,88.59271,97.0106,98.85122,97.70005,94.62308,109.77474,106.9648,,,108.66531,114.88411
Montenegro,,,,,,,,,,,,,,,,,,,,,,,,,,,,,,,,,,,,,,,,,,114.47246
Montserrat,,,,,,,,,,,,,,,,,,,,,,,,,,,,,,,,,,,,,,,,,,
Morocco,,,,36.22651,36.78967,38.95266,,45.86397,50.81305,54.33094,57.16675,57.90158,60.26672,61.05302,61.97568,70.99565,68.19341,67.41126,63.79509,54.58063,61.0441,56.73966,54.50864,54.32985,53.98122,55.68872,55.90706,57.16928,60.019,60.96057,63.7393,64.57298,67.30125,70.65421,78.2268,83.3849,87.47829,87.30273,85.0438,83.84699,87.36344,91.78574
Mozambique,,,,11.49118,,,,,,,,,48.00194,36.91849,42.92335,42.09613,52.71498,40.20615,32.6996,31.51524,32.40839,32.40958,29.9751,29.89461,30.9165,31.52509,,,,16.99615,19.79628,23.43848,27.36989,,35.32888,49.01728,48.45195,52.51468,66.11944,62.43184,65.65736,60.88876
Myanmar,,43.01506,41.0329,50.66358,46.95056,,,,,,,,,,,,,,,,,,,,,,,,,75.91165,82.62882,81.06148,82.13033,85.08893,88.31069,,,93.35262,97.67131,98.70023,101.05824,
Namibia,,,,,,,,,,,,,,,,,,,,,,,66.77672,,67.43356,,,,90.56391,89.85925,85.43312,90.09373,86.93266,88.14605,80.41849,81.29098,77.91099,77.12673,73.38051,79.74267,77.32738,
Nauru,,,,,,,,,,,,,,,,,,,,,,,,,,,,,,,,,,,,,,,,,,
Nepal,,,,,,,,,,,,,,,,,,,,,,,70.86542,,,,,,,71.36435,74.08745,71.59014,76.45062,,,,,,,,,
Netherlands,,96.48888,94.9429,94.57607,93.72789,93.84682,93.9585,93.12512,91.21035,90.79109,91.08774,94.82332,96.098,95.15887,92.42331,87.76233,,,,,,,,,,,,,,100.60237,99.17872,99.50184,102.1024,,,,,,,,,
Netherlands Antilles,,,,,,,,,,,,,,,,,,,,,,,,,,,,,,,,,,,,,,,,,,
New Caledonia,,,,,,,,,,,,,,,,,,,,,,,,,,,,,,,,,,,,,,,,,,
New Zealand,103.22539,103.57818,105.21725,104.24767,102.0298,100.56293,99.84891,100.35153,101.34969,104.03694,,,,,,,,,,,,,,,,,,,,,,,,,,,,,,,,
Ngorno-Karabakh,,,,,,,,,,,,,,,,,,,,,,,,,,,,,,,,,,,,,,,,,,
Nicaragua,24.34091,27.71116,28.01383,30.07986,,,,31.95248,31.75698,27.93412,30.406,,27.66575,27.75202,25.6529,26.78848,33.23523,41.1517,41.08469,,,,,44.23052,49.5351,45.41373,,,,64.61339,62.39452,62.20599,69.37354,68.64671,68.66525,71.39745,72.12001,72.83059,72.25697,,77.99882,
Niger,,7.67228,9.18636,9.23767,8.8734,9.33,10.12031,11.15436,13.70231,12.18511,16.97207,18.36535,22.04882,23.70942,25.61203,24.65702,27.22319,29.12198,,19.25694,21.83593,22.03009,23.31588,19.92501,,17.70202,14.57481,22.96834,,24.6231,22.30817,23.46772,25.20908,24.02965,32.00396,35.38972,38.48075,47.03505,44.64914,47.60558,46.55749,52.43285
Nigeria,,,,,,,,,,,,,,,,,,,,,,,,,,,,,,,,,,83.99439,87.04795,90.4244,101.28439,89.86682,75.26332,76.16789,78.84208,
Niue,,,,,,,,,,,,,,,,,,,,,,,,,,,,,,,,,,,,,,,,,,
Norfolk Island,,,,,,,,,,,,,,,,,,,,,,,,,,,,,,,,,,,,,,,,,,
Northern Cyprus,,,,,,,,,,,,,,,,,,,,,,,,,,,,,,,,,,,,,,,,,,
Northern Mariana Islands,,,,,,,,,,,,,,,,,,,,,,,,,,,,,,,,,,,,,,,,,,
Norway,,94.54919,,97.29866,98.10332,98.97067,98.77658,101.9906,101.87145,101.10768,98.6627,99.51142,100.37718,,99.87155,99.64836,98.30115,97.56566,96.22579,95.14829,94.91165,99.91416,101.35586,100.51971,,,,,97.68301,98.23469,97.23912,101.37467,102.98784,103.39324,102.74112,100.74491,96.74694,97.20876,98.45962,100.60461,98.93546,
Oman,,,,,2.28162,7.52659,12.11695,,28.09512,34.46036,,,,47.42078,53.43732,51.26382,52.46343,54.42284,60.0575,66.37435,65.24675,,74.97456,,70.05578,72.32583,73.84958,74.8285,77.01466,78.57709,78.33977,79.50776,87.16662,92.38196,,,,,,102.13455,100.32073,106.37388
Pakistan,,,,,,,,,,,,,,,,,,,,,,,,,,,,,,,,,,,,71.59357,69.14668,67.53208,67.86852,69.68639,74.54392,74.28174
Palau,,,,,,,,,,,,,,,,,,,,,,,,,,,,,,,106.74157,,,,,,,,,,,
Panama,65.71458,70.30066,73.65793,79.36367,82.53832,86.43108,96.41974,93.80722,89.61432,88.47818,83.14122,82.48455,79.85945,82.03681,79.93569,81.57904,83.11021,84.60349,83.96704,86.02131,,,,,,,,,,91.84871,94.46037,94.6455,95.17647,,96.64934,96.55455,93.66881,97.50738,100.935,101.15843,96.63878,101.12072
Papua New Guinea,,,,,,,,,,,,,,,,,,46.05498,49.60322,49.51885,49.41885,47.07559,48.48181,,54.86357,54.16688,,,55.85492,,59.46688,,,,,,,,,,,
Paraguay,45.25001,,46.68521,48.5392,49.41234,49.12235,50.19461,51.95694,52.55557,,54.96106,57.81885,60.99241,63.51374,65.11317,67.04646,65.19739,65.40401,64.85374,64.30406,65.46645,67.92057,71.20258,73.85217,73.8874,75.70162,80.52385,,90.56203,87.54637,91.41964,92.10878,93.07392,95.4234,93.72461,93.93457,93.51928,93.84992,93.52165,92.32782,90.41794,
Peru,65.7609,,,,,,,90.50468,89.21561,89.09561,85.53121,84.29182,,,,,,,,,,,,,,90.51199,,,101.34164,106.09138,104.7897,99.70696,98.63881,,,,101.99261,103.60842,101.74989,98.22635,99.22518,96.62615
Philippines,,,,,,,,,,,,84.43708,,88.16883,88.8844,87.08083,84.67008,85.00114,84.95764,86.24382,,,,,,,,,81.91806,84.33116,,96.53744,91.61388,92.31153,91.29928,90.69033,88.42144,88.94463,89.47032,89.02143,,
Pitcairn,,,,,,,,,,,,,,,,,,,,,,,,,,,,,,,,,,,,,,,,,,
Poland,,,,,,,,,,,,,,,,,,,,,,,,,,,,,,,,,,,,,,,,94.94027,95.66678,
Portugal,,,53.99332,58.12179,63.35214,71.48753,64.68639,,,,,,,,,,,,,,,,,,,,,,,,,,,,,,,,,,,
Puerto Rico,,,,,,,,,,,,,,,,,,,,,,,,,,,,,,,,,,,,,,,,,,
Qatar,,73.00971,67.78414,64.10256,60.77616,64.67391,77.58271,77.24138,91.45821,87.5,85.6383,81.13723,92.44373,,87.94105,83.4998,76.50782,65.43545,71.41062,71.58716,71.99537,75.18549,66.61316,68.83526,70.8344,63.17743,54.54768,,86.32297,87.75306,,,,107.94673,,97.45682,89.97718,106.14365,107.11806,99.18674,,96.05174
Reunion,,,,,,,,,,,,,,,,,,,,,,,,,,,,,,,,,,,,,,,,,,
Romania,,,,,,,,,,,,,,,,,,,,,92.2284,,,81.94643,,,,,,94.3624,95.19582,95.18802,92.32142,97.63528,103.07743,106.47972,100.24916,114.85452,91.21757,91.07288,92.36392,
Russia,,,,,,,,,,,,,,,,,,,,,,,,,93.35762,91.92875,,,,,,,,,,,,,,,,
Rwanda,,28.1459,30.28717,32.10869,33.31215,33.76107,,34.15532,,,39.08148,50.08353,49.6285,47.32311,48.8223,49.64342,46.14871,45.00939,46.0795,46.68019,46.15134,46.39003,51.10121,,,,,,,30.74235,24.72564,25.6946,30.6914,40.41065,40.55858,,,,49.10623,64.62812,65.42705,
St. Barthélemy,,,,,,,,,,,,,,,,,,,,,,,,,,,,,,,,,,,,,,,,,,
St. Helena,,,,,,,,,,,,,,,,,,,,,,,,,,,,,,,,,,,,,,,,,,
St. Kitts and Nevis,,,,,,,,,,,,,,,,,,,,,,,130.88235,,,,,,,,97.7131,101.06383,112.0614,109.00901,107.63889,108.49057,,91.7226,83.94794,92,88.70637,87.55102
St. Lucia,,,,,,,,,,,,,,99.94341,96.13417,,,,,,120.40332,117.2497,,123.6618,,,,,,,,106.15735,103.28798,106.45161,106.28539,101.88034,107.87949,113.50711,97.14459,99.62663,92.16061,93.15068
St. Martin,,,,,,,,,,,,,,,,,,,,,,,,,,,,,,,,,,,,,,,,,,
St. Vincent and the Grenadines,,,,,,,,,,,,,,,,,,,,,,,,,,,,,,,,,89.17976,86.44366,90.40853,89.0583,,,113.82189,,96.67932,
St.-Pierre-et-Miquelon,,,,,,,,,,,,,,,,,,,,,,,,,,,,,,,,,,,,,,,,,,
Samoa,,,,,,,,,,,,,,,,,,,,,,,,,,,,,,98.92055,93.18766,91.39186,102.54345,104.3878,97.6043,,,107.43632,,102.71036,100.16045,94.56869
San Marino,,,,,,,,,,,,,,,,,,,,,,,,,,,,,,,,,,,,,,,,90.39548,95.93023,
Sao Tome and Principe,,,,,,,,50.43706,,,,,,,108.73362,,,,78.79177,,,,,,,,,,,43.2052,,,56.74157,57.94956,71.32905,72.35263,,70.07444,73.60157,81.96325,81.54139,112.44736
Saudi Arabia,,,,,,,,,,47.91582,,,,,,,,,,,,,,,,,,,,,,,,,,90.31798,,94.55005,98.68711,89.93021,94.42428,
Senegal,,37.00645,36.50055,,,,,,38.81918,40.63701,37.72452,40.08173,40.99024,42.26951,43.02091,44.27885,47.19658,,53.53932,54.77664,52.94776,,49.16849,,48.6031,,50.22745,49.99297,51.89195,,46.39833,50.9428,52.48962,51.7386,53.00345,57.89724,52.71254,53.70338,59.86571,59.29948,57.92509,61.08236
Serbia,,,,,,,,,,,,,,,,,,,,,,,,,,,,,,,,,,,,,,100.35878,103.98654,96.92985,96.30175,99.81243
Serbia and Montenegro,,,,,,,,,,,,,,,,,,,,,,,,,,,,,,,,,,,,,,,,,,
Serbia excluding Kosovo,,,,,,,,,,,,,,,,,,,,,,,,,,,,,,,,,,,,,,,,,,
Seychelles,79.83871,90.18568,98.56771,,94.22836,92.48768,99.39173,91.61604,98.04401,,101.6109,94.33498,99.00498,110.6599,102.06718,98.43953,121.18863,105.95084,94.79167,100.13123,,111.94226,112.45085,107.46073,107.97386,,,,103.05851,113.18242,106.1008,113.01461,113.12585,116.52661,115.28384,127.2997,,118.76833,123.55694,123.98649,134.64286,
Sierra Leone,,,,,,,,,32.43442,,,,,,,,,,,,,,,,,,,,,,,,,,,,,,,,,77.64558
Singapore,,,,,,,,,,,,,,,,,,,,,,,,,,,,,,,,,,,,,,,,,,
Slovak Republic,,,,,,,,,,,,,,,,,,,,,,,,95.47856,97.21336,96.91205,95.38704,93.35051,95.75414,95.72287,94.60968,97.58641,95.15974,96.50373,94.40789,90.48055,91.53316,92.81648,95.77936,97.73852,98.02727,
Slovenia,,,,,,,,,,,,,,,,,,,,,,,,,,,,95.4309,98.9082,99.01606,97.21702,95.06719,96.59677,101.17789,112.00694,,,,95.41667,94.58428,97.09418,
Solomon Islands,,,,,,58.70751,,,,,79.527,70.5902,64.17212,60.93337,,,60.08342,,,,,,,,,,,,,,,,,,,,,,,,,
Somalia,,,,,,,,,,,,,,,,,,,,,,,,,,,,,,,,,,,,,,,,,,
Somaliland,,,,,,,,,,,,,,,,,,,,,,,,,,,,,,,,,,,,,,,,,,
South Africa,,,,,,,,,,,,,,,,,,,,,,71.60408,,,,,,,86.96421,82.52906,85.31676,,89.3786,93.49056,99.65558,,,,,,,
South Ossetia,,,,,,,,,,,,,,,,,,,,,,,,,,,,,,,,,,,,,,,,,,
Spain,,,,,,,,,,,,97.11424,97.2786,98.6694,102.73593,104.22272,104.43222,101.49247,106.80529,106.20793,101.98049,,,101.87724,103.0503,,,,,,,,,,103.53119,,97.94532,98.77576,99.9628,102.38199,104.08553,
Sri Lanka,64.76689,,,,,,,,,,,,,82.52162,,84.22605,83.5429,88.92071,,95.11021,96.84332,99.76565,99.83648,,,,,,98.69115,,,107.70793,,,,104.96067,103.21631,101.69981,96.12596,95.16959,100.92943,
Sudan,,12.65513,34.1086,,,,,,,,,,,,,,,,,,,,,,,,,,,38.58346,38.57324,40.93915,43.12794,46.67772,,,,,54.26652,60.7786,,
Suriname,,,,,,,72.18395,78.16865,72.94365,76.48751,,,,,,82.11835,,78.67973,77.09942,80.51883,,,,,,,,,,,,95.27526,,,,76.63468,83.55954,72.04956,79.65517,81.22057,,
Svalbard,,,,,,,,,,,,,,,,,,,,,,,,,,,,,,,,,,,,,,,,,,
Swaziland,44.20315,42.64857,44.00871,51.25081,55.3798,56.20097,56.22896,56.54146,54.25678,53.78828,52.62354,57.94427,58.04473,60.3073,59.53556,59.9137,61.56093,61.66683,62.45296,58.78923,59.35082,57.63092,56.5163,58.55639,59.62074,60.63379,58.47845,58.35843,60.91856,57.02111,58.87978,57.03217,58.97901,56.21778,59.68484,62.55685,64.31763,75.69924,,72.20863,75.66194,
Sweden,,93.24001,93.11964,89.43122,90.27679,91.8238,96.33592,102.98525,104.07676,104.98683,103.39031,96.26078,92.22126,92.81716,98.24889,,,100.74522,98.40528,96.3457,97.0032,96.18334,100.24214,105.12117,103.38339,,,,,100.46926,99.12264,102.71494,102.69085,106.26007,104.9586,100.55314,95.98507,95.44557,95.25095,93.30735,97.25611,
Switzerland,,,,,,,,52.77179,60.18914,57.76346,56.63863,51.1671,51.1971,51.42056,50.30022,50.56915,49.48013,48.77837,47.92027,49.10648,50.93519,53.36559,54.61506,61.83241,62.85887,,72.89893,,,93.81943,94.73795,96.75432,96.61118,96.48033,97.52942,95.27472,92.42555,91.54495,92.49376,93.5867,94.15308,
Syria,,76.39404,80.51485,79.22665,82.6426,87.85656,91.79831,94.79775,96.29603,91.93721,88.70738,88.8065,93.13581,94.26571,93.63735,95.06237,95.61658,95.7079,95.2582,96.18031,96.99896,98.43737,102.83409,94.62754,96.65261,95.10927,96.41522,97.0989,96.78064,97.45133,96.48169,97.34147,98.95213,108.4436,109.65717,109.2021,107.021,104.0705,103.51136,103.75285,104.10575,
Taiwan,,,,,,,,,,,,,,,,,,,,,,,,,,,,,,,,,,,,,,,,,,
Tajikistan,,,,,,,,,,,,,,,,,,,,,,,,,,,,,,94.79338,98.11637,101.84211,100.97933,98.91566,95.19527,,108.50036,96.9551,,103.28084,105.68041,105.85115
Tanzania,,,,,,44.65411,49.42027,,,,,87.58388,97.7804,102.82534,130.61332,,72.10837,68.33365,61.54659,47.98734,,,55.65765,58.59157,,,,57.81152,48.37665,56.1988,,53.97701,58.25107,,58.52629,56.48088,73.84133,85.1121,,102.84846,87.66969,
Thailand,,,,,,41.46191,43.11978,43.1205,43.86391,,,72.25265,,,,,,,,,,,,,,,,,,88.17878,,,,,,,,,,,,
Timor-Leste,,,,,,,,,,,,,,,,,,,,,,,,,,,,,,,,,,,,,,,79.40681,67.88642,64.07119,
Togo,,38.31728,45.75825,,,,63.83806,,75.37766,73.35721,75.40479,70.70412,66.29584,64.70315,56.58538,49.12413,48.13993,46.46481,52.60251,43.39103,51.46023,51.33081,52.43398,,40.66665,58.56916,68.73879,,,77.60354,87.04795,93.11386,,88.79128,89.48937,88.26728,87.66729,,79.74251,78.79385,83.64552,86.48754
Tokelau,,,,,,,,,,,,,,,,,,,,,,,,,,,,,,,,,,,,,,,,,,
Tonga,,,,,,,,83.78756,90.47619,113.73626,,132.31798,126.25871,,119.31438,96.69148,102.61824,,,,135.2459,99.44838,,104.94465,,,,,107.44417,104.45545,,107.91766,109.56113,,,109.12637,101.72009,,,,,
Transnistria,,,,,,,,,,,,,,,,,,,,,,,,,,,,,,,,,,,,,,,,,,
Trinidad and Tobago,,,,,,,,,,,,,108.30671,,,96.57788,,,95.90489,,,99.25737,98.9916,97.86167,,,85.08401,84.81186,,92.60268,85.63703,79.66226,,84.59567,90.86335,88.49083,,92.81595,90.37199,91.8505,90.89418,
Tunisia,,,,76.21268,,,81.52059,81.88788,85.48529,70.58187,72.64759,96.20259,72.8901,72.02609,75.29966,74.97515,77.57395,78.97922,77.5223,82.22053,85.91596,79.57048,,78.09699,84.85975,95.46795,91.76347,93.65613,,90.47821,89.597,89.95285,94.61658,97.62934,99.91846,101.99158,,104.55751,94.52575,90.36571,,
Turkey,,,,,,,,,,,,,,,96.80871,97.60417,99.89545,99.90414,111.76921,97.12527,97.12272,98.26823,103.36506,96.41869,95.88559,93.76844,,,,,,,,,97.88102,102.31323,99.3479,98.44286,100.02881,100.10349,101.00693,
Turkmenistan,,,,,,,,,,,,,,,,,,,,,,,,,,,,,,,,,,,,,,,,,,
Turks and Caicos Islands,,,,,,,,,,,,,,,,,,,,,,,,,,,,,,,,,,89.01099,100.52083,92.85714,,,,,,
Tuvalu,,,,,,,,,,,,,,,,,,,,,,,,,,,,,,,107.93651,96.09375,83.47107,88.52459,94.2623,102.45902,89.34426,,,,,
Uganda,,,,,,,,,,,,,56.28676,,,,46.76399,,,,,,,,,,,,,,,66.74988,67.90416,67.6807,63.25526,61.3256,,55.88286,59.90602,59.19373,57.91517,55.6973
Ukraine,,,,,,,,,,,,,,,,,,,,,,,,99.23217,95.14989,,,,,94.47935,91.43022,95.79701,97.60462,,,117.37035,105.24323,101.93806,99.75699,96.77484,97.48234,96.22799
United Arab Emirates,,,,,46.71031,44.1681,55.27353,61.46933,65.45825,68.73151,68.66522,73.02772,84.67371,83.07034,78.64433,76.13511,75.15831,74.48131,73.58251,82.41923,92.64533,99.45771,97.08923,93.92385,91.99334,90.06565,86.17841,89.96543,88.37484,87.47236,85.2947,82.19066,87.67589,90.70436,95.83551,98.34466,98.03661,,,,,
United Kingdom,,,,,,,,,,,,,,,,,,,,,,,,,,,,,,,,,,,,,,,,,,
United States,,,,,,,,,,,,,,,,,,,,,,,,,,,,,97.99108,96.66805,99.46662,101.31856,99.70707,99.32906,100.48201,102.24578,97.3215,98.99668,99.13246,105.32042,103.31173,
Uruguay,,,,,66.86965,,69.81661,68.79336,67.65354,69.91531,70.94404,,,,,85.25492,85.06549,89.25116,90.04455,91.38774,92.09495,92.59662,90.67822,92.20774,92.14696,92.85852,92.30273,,96.96857,94.97779,95.10339,93.99957,92.58886,90.28879,91.78107,93.56141,98.52292,102.86746,104.96927,105.41477,104.63923,
USSR,,,,,,,,,,,,,,,,,,,,,,,,,,,,,,,,,,,,,,,,,,
Uzbekistan,,,,,,,,,,,,,,,,,,,,,,,,,,,,,,,,100.91178,103.33856,97.03419,95.87469,98.13191,100.15548,98.39212,96.63865,94.15868,93.40755,93.97983
Wallis et Futuna,,,,,,,,,,,,,,,,,,,,,,,,,,,,,,,,,,,,,,,,,,
Vanuatu,,,,,,,,,,,,,,,,,,,,,,,85.26267,,,,,,,91.2148,89.98344,106.04217,103.17712,,91.56214,,,80.20796,78.55634,84.80969,,
Venezuela,,,,,,,,,,,,,,,,,,,75.25494,74.33189,,75.90514,79.59191,79.23256,,,76.59165,77.23637,,78.2301,80.47158,81.93463,89.27863,87.63943,87.59146,89.12563,93.03273,95.69116,94.22634,93.99976,92.8131,93.83607
West Bank and Gaza,,,,,,,,,,,,,,,,,,,,,,,,,,89.73808,90.96027,90.95347,,99.62412,97.61874,97.14315,93.08473,97.27971,89.71487,93.08484,,86.63195,89.28261,90.92188,97.25558,90.20739
West Germany,,,,,,,,,,,,,,,,,,,,,,,,,,,,,,,,,,,,,,,,,,
Western Sahara,,,,,,,,,,,,,,,,,,,,,,,,,,,,,,,,,,,,,,,,,,
Vietnam,,,,,,,,,,,,,,,,,,,,,,,,,,,,,,100.94954,100.80323,106.25557,104.12544,102.36286,,,,,,,,
Virgin Islands (U.S.),,,,,,,,,,,,,,,,,,,,,,,,,,,,,,,,,,,,,,,,,,
North Yemen (former),,,,,,,,,,,,,,,,,,,,,,,,,,,,,,,,,,,,,,,,,,
South Yemen (former),,,,,,,,,,,,,,,,,,,,,,,,,,,,,,,,,,,,,,,,,,
Yemen,,,,,,,,,,,,,,,,,,,,,,,,,,,,,,73.96868,74.48004,77.74382,75.64345,78.57983,76.50044,74.39101,,,73.97063,,73.01058,72.21492
Yugoslavia,,,,,,,,,,,,,,,,,,,,,,,,,,,,,,,,,,,,,,,,,,
Zambia,,,90.05816,91.29327,95.64036,97.15416,97.15259,97.777,101.25945,99.02727,99.29038,98.39959,100.66986,103.81778,112.41588,,107.17335,,,,,,,,,,,,74.17166,71.83426,68.02614,,68.17128,,79.88279,100.21387,94.04398,98.40848,102.24899,95.10551,98.27681,
Zimbabwe,,,,,,,,,,,,,,,94.03747,,,,,,,,,,,,,,,,,,,,,,,,,,,
Åland,,,,,,,,,,,,,,,,,,,,,,,,,,,,,,,,,,,,,,,,,,
South Sudan,,,,,,,,,,,,,,,,,,,,,,,,,,,,,,,,,,,,,,,,,,
Christian,,,,,,,,,,,,,,,,,,,,,,,,,,,,,,,,,,,,,,,,,,
Coastline,,,,,,,,,,,,,,,,,,,,,,,,,,,,,,,,,,,,,,,,,,
Curaçao,,,,,,,,,,,,,,,,,,,,,,,,,,,,,,,,,,,,,,,,,,
Sint Maarten (Dutch part),,,,,,,,,,,,,,,,,,,,,,,,,,,,,,,,,,,,,,,,,,
St. Martin (French part),,,,,,,,,,,,,,,,,,,,,,,,,,,,,,,,,,,,,,,,,,
Antarctica,,,,,,,,,,,,,,,,,,,,,,,,,,,,,,,,,,,,,,,,,,
"Virgin Islands, British",,,,,,,,,,,,,,,,,,,,,,,,,,,,,,,,,,,,,,,,,,
Hawaiian Trade Zone,,,,,,,,,,,,,,,,,,,,,,,,,,,,,,,,,,,,,,,,,,
U.S. Pacific Islands,,,,,,,,,,,,,,,,,,,,,,,,,,,,,,,,,,,,,,,,,,
Wake Island,,,,,,,,,,,,,,,,,,,,,,,,,,,,,,,,,,,,,,,,,,
Bonaire,,,,,,,,,,,,,,,,,,,,,,,,,,,,,,,,,,,,,,,,,,
Sark,,,,,,,,,,,,,,,,,,,,,,,,,,,,,,,,,,,,,,,,,,
Chinese Taipei,,,,,,,,,,,,,,,,,,,,,,,,,,,,,,,,,,,,,,,,,,
Saint Eustatius,,,,,,,,,,,,,,,,,,,,,,,,,,,,,,,,,,,,,,,,,,
Saba,,,,,,,,,,,,,,,,,,,,,,,,,,,,,,,,,,,,,,,,,,